City_name,Average_node_connectivity,City_degree,Edge_number,Nature_connectivity,Average_short_length,Algebraic_connectivity,node_connectivity,connectivity_loss,size_of_largest_component,eco_value
天津,4.7032967032967035,13,48,5.287729263542576,1.4725274725274726,2.359041282808485,3,0.0,14,101.9
石家庄,5.418181818181818,10,38,5.072531011294922,1.309090909090909,3.000000000000003,3,0.0,11,102.1
太原,2.3454545454545452,10,21,2.410665893798122,1.6181818181818182,1.1723014826269647,2,0.0,11,102.0
呼和浩特,2.0952380952380953,6,11,1.8120405871025953,1.4761904761904763,1.0000000000000029,1,0.0,7,101.9
沈阳,1.9415204678362572,18,38,2.9653146585857093,1.7777777777777777,1.0000000000000657,1,0.0,19,102.1
大连,2.7,4,8,1.795317126962805,1.2,2.0,2,0.0,5,102.4
长春,1.9102564102564104,12,24,2.5510775752486046,1.6923076923076923,1.0000000000000138,1,0.0,13,101.6
哈尔滨,1.7428571428571429,14,27,2.5679174785266308,1.7428571428571429,1.0000000000000262,1,0.0,15,102.2
杭州,6.571428571428571,28,146,9.31068388708827,1.6403940886699508,1.9287689824329797,2,0.0,29,101.8
宁波,6.309941520467836,18,86,7.812935215267135,1.4970760233918128,1.9146594241598538,2,0.0,19,102.7
合肥,6.300395256916996,22,108,8.370111404101852,1.5731225296442688,2.6837907882580607,3,0.0,23,101.5
福州,3.303030303030303,11,30,3.4624321182553834,1.5454545454545454,1.6052657395255179,2,0.0,12,102.3
厦门,3.5555555555555554,8,22,3.2921849112058994,1.3888888888888888,1.9442378301973195,2,0.0,9,102.3
南昌,3.8846153846153846,12,36,3.9374417641750936,1.5384615384615385,2.1296967128789723,3,0.0,13,103.1
济南,3.875,15,46,4.195141092482454,1.6166666666666667,1.7759430481297476,3,0.0,16,102.1
青岛,4.564102564102564,12,42,4.746272409032531,1.4615384615384615,1.7705481472572262,2,0.0,13,102.2
郑州,4.161904761904762,20,66,4.964167539454769,1.6857142857142857,1.4876460528348425,2,0.0,21,101.2
武汉,3.7355072463768115,23,76,5.413201972887545,1.7246376811594204,1.4442282602380967,2,0.0,24,102.4
长沙,5.423333333333333,24,105,7.568165906359022,1.65,1.811437154028888,3,0.0,25,101.9
南宁,5.326797385620915,17,72,6.791631595473514,1.5294117647058822,1.7439308636560744,2,0.0,18,102.0
海口,1.1503267973856208,17,22,1.918538432694371,1.8562091503267975,1.000000000000008,1,0.0,18,102.9
贵阳,4.904761904761905,14,48,4.4927875765853935,1.542857142857143,2.4806791673599857,4,0.0,15,102.0
昆明,2.8190476190476192,20,51,3.5694709359813515,1.7571428571428571,1.0645818182326123,2,0.0,21,102.6
拉萨,1.0,6,6,0.8676269289008737,1.7142857142857142,1.0000000000000002,1,0.0,7,102.2
西安,1.7792207792207793,21,47,3.3896120858797296,1.7965367965367964,1.0000000000001399,1,0.0,22,100.8
兰州,1.5384615384615385,13,22,2.0381202758217714,1.7582417582417582,1.0000000000000377,1,0.0,14,103.1
西宁,1.3333333333333333,6,8,1.2443388841770078,1.619047619047619,1.0000000000000062,1,0.0,7,102.3
银川,1.8571428571428572,7,13,1.8173681377683482,1.5357142857142858,1.0000000000000078,1,0.0,8,102.3
乌鲁木齐,1.6666666666666667,9,15,1.8449203948215394,1.6666666666666667,1.0000000000000175,1,0.0,10,102.8
北京,1.8333333333333333,20,44,3.199555419988255,1.7904761904761906,1.0000000000001075,1,0.0,21,102.0
上海,4.0997150997151,26,100,6.808365465487397,1.7150997150997151,1.9310019865068564,2,0.0,27,102.6
南京,4.786764705882353,16,62,5.994741162801222,1.5441176470588236,1.7499349560747928,2,0.0,17,102.5
广州,4.567816091954023,29,121,8.095720539759713,1.72183908045977,1.0000000000000135,1,0.0,30,103.2
深圳,4.588505747126437,29,121,8.135073019986198,1.72183908045977,1.0000000000000056,1,0.0,30,102.3
重庆,1.9288537549407114,22,52,3.579533276139748,1.7944664031620554,1.0000000000000344,1,0.0,23,102.2
成都,1.9166666666666667,23,51,3.623094749355316,1.815217391304348,1.0000000000000935,1,0.0,24,102.4
天津,3.0476190476190474,6,14,2.5114368231118442,1.3333333333333333,2.0000000000000018,2,0.0,7,101.7
石家庄,3.4761904761904763,6,14,2.3131397468021913,1.3333333333333333,2.267949192431127,3,0.0,7,102.2
太原,1.8181818181818181,10,19,2.1185747333947575,1.6545454545454545,1.0000000000000102,1,0.0,11,102.1
呼和浩特,2.7,4,8,1.7953171269628072,1.2,1.9999999999999998,2,0.0,5,101.8
沈阳,1.4416666666666667,15,24,2.2278650710363532,1.8,1.0000000000000342,1,0.0,16,101.6
大连,2.7,4,8,1.795317126962805,1.2,2.000000000000001,2,0.0,5,102.0
长春,1.0833333333333333,8,9,1.12051302581885,1.75,1.000000000000003,1,0.0,9,101.9
哈尔滨,1.3333333333333333,6,8,1.2443388841770062,1.619047619047619,1.0000000000000033,1,0.0,7,101.3
杭州,4.431372549019608,17,65,5.852839700839988,1.5751633986928104,1.799333801741485,2,0.0,18,101.2
宁波,5.818181818181818,10,40,5.354903210246354,1.2727272727272727,3.0000000000000027,3,0.0,11,102.1
合肥,2.5052631578947366,19,49,3.6489081884025922,1.7421052631578948,1.0000000000000846,1,0.0,20,101.3
福州,2.5357142857142856,7,15,2.3732502929327124,1.4642857142857142,1.0000000000000018,1,0.0,8,102.2
厦门,3.0476190476190474,6,14,2.4385968000008913,1.3333333333333333,1.7639320225002133,2,0.0,7,102.2
南昌,2.2363636363636363,10,20,2.222017764935479,1.6363636363636365,1.1735532028599969,2,0.0,11,102.0
济南,2.8205128205128207,12,31,3.300911555910151,1.6025641025641026,1.29587559942609,2,0.0,13,102.0
青岛,3.9166666666666665,8,23,3.4157663815314603,1.3611111111111112,1.8178621975290192,2,0.0,9,102.3
郑州,2.0661764705882355,16,36,2.9878027583558815,1.7352941176470589,1.0000000000000426,1,0.0,17,101.1
武汉,1.25,15,23,1.9687036345868125,1.8083333333333333,1.0000000000000429,1,0.0,16,101.9
长沙,2.0994152046783627,18,37,2.818048897201754,1.7836257309941521,1.0000000000000717,1,0.0,19,101.6
南宁,2.08974358974359,12,24,2.370963776075406,1.6923076923076923,1.0000000000000402,1,0.0,13,101.5
海口,1.088235294117647,16,19,1.667813281552618,1.8602941176470589,1.0000000000000135,1,0.0,17,101.3
贵阳,3.5757575757575757,11,30,3.185689058443386,1.5454545454545454,1.6693613669399125,3,0.0,12,101.6
昆明,1.5,12,21,2.006565500395676,1.7307692307692308,1.0000000000000078,1,0.0,13,102.1
拉萨,1.0,2,2,0.5796736792348086,1.3333333333333333,1.0000000000000002,1,0.0,3,102.8
西安,1.4230769230769231,12,18,1.844950025056012,1.7692307692307692,1.0000000000000289,1,0.0,13,100.9
兰州,1.4666666666666666,5,7,1.241466949850764,1.5333333333333334,1.0000000000000016,1,0.0,6,102.6
西宁,1.0,5,5,0.8082114824928227,1.6666666666666667,1.0000000000000007,1,0.0,6,102.3
银川,1.4666666666666666,5,7,1.241466949850764,1.5333333333333334,1.0000000000000022,1,0.0,6,101.8
乌鲁木齐,1.6,10,16,1.8264200449912882,1.709090909090909,1.0000000000000226,1,0.0,11,102.8
北京,1.4666666666666666,5,7,1.2414669498507667,1.5333333333333334,1.000000000000003,1,0.0,6,101.8
上海,3.961904761904762,14,48,4.853099625873911,1.542857142857143,1.6543610535079167,2,0.0,15,102.1
南京,3.3684210526315788,18,56,4.835518571518443,1.672514619883041,1.2194005477492504,2,0.0,19,101.9
广州,2.9615384615384617,12,33,3.9920393076760012,1.5769230769230769,1.0000000000000138,1,0.0,13,102.4
深圳,2.9615384615384617,12,33,3.9249599432055793,1.5769230769230769,1.0000000000000056,1,0.0,13,102.0
重庆,1.8571428571428572,6,10,1.5999143189108969,1.5238095238095237,1.0000000000000036,1,0.0,7,102.7
成都,1.2285714285714286,20,29,2.1646389767660326,1.861904761904762,1.0000000000001124,1,0.0,21,101.6
天津,2.7142857142857144,6,13,2.2981274572707413,1.380952380952381,1.0000000000000007,1,0.0,7,101.2
石家庄,1.5,3,4,0.985744343053378,1.3333333333333333,1.0000000000000002,1,0.0,4,101.8
太原,1.3,4,5,0.9964805273591661,1.5,1.0000000000000009,1,0.0,5,101.6
呼和浩特,1.0,1,1,0.4337808304830271,1.0,2.0,1,0.0,2,102.1
沈阳,1.1333333333333333,9,11,1.2751382860275804,1.7555555555555555,1.0000000000000067,1,0.0,10,100.8
大连,2.0,2,3,0.9963106677528506,1.0,2.999999999999999,2,0.0,3,101.1
长春,1.0,4,4,0.7442576395400112,1.6,0.9999999999999996,1,0.0,5,101.3
哈尔滨,1.0,1,1,0.4337808304830271,1.0,2.0,1,0.0,2,100.6
杭州,4.209150326797386,17,63,5.832410018989453,1.588235294117647,1.66230595411666,2,0.0,18,100.8
宁波,6.036363636363636,10,41,5.522573615340719,1.2545454545454546,3.000000000000004,3,0.0,11,101.6
合肥,2.4926470588235294,16,39,3.1788685653148923,1.713235294117647,1.1023770341527857,2,0.0,17,101.4
福州,1.8,5,8,1.5349760129092185,1.4666666666666666,1.0000000000000002,1,0.0,6,101.4
厦门,2.9523809523809526,6,14,2.40694116737906,1.3333333333333333,2.0000000000000058,2,0.0,7,101.7
南昌,1.5333333333333334,9,15,1.8144890955076751,1.6666666666666667,1.0000000000000044,1,0.0,10,101.6
济南,2.0545454545454547,10,21,2.463487488007301,1.6181818181818182,1.0000000000000129,1,0.0,11,101.3
青岛,2.7,4,8,1.7953171269628072,1.2,2.0000000000000018,2,0.0,5,101.8
郑州,1.2878787878787878,11,16,1.657776402042169,1.7575757575757576,1.0000000000000218,1,0.0,12,101.3
武汉,1.1794871794871795,12,16,1.5841105497635786,1.794871794871795,1.0000000000000135,1,0.0,13,102.1
长沙,1.3523809523809525,14,22,1.9954533100250094,1.7904761904761906,1.0000000000000344,1,0.0,15,101.3
南宁,2.1538461538461537,12,25,2.522256157635559,1.6794871794871795,1.0000000000000309,1,0.0,13,100.9
海口,1.0784313725490196,17,20,1.7071051064726732,1.869281045751634,1.000000000000033,1,0.0,18,100.5
贵阳,2.909090909090909,10,24,2.8308261741788643,1.5636363636363637,1.6372930972019324,2,0.0,11,101.4
昆明,1.2820512820512822,12,18,1.7592242963090958,1.7692307692307692,1.0000000000000098,1,0.0,13,102.2
拉萨,1.2820512820512822,0,18,1.7592242963090958,1.7692307692307692,1.0000000000000069,1,0.0,13,103.1
西安,1.3333333333333333,9,13,1.5282780792460449,1.711111111111111,1.0000000000000095,1,0.0,10,100.9
兰州,1.3333333333333333,0,13,1.5282780792460449,1.711111111111111,1.0000000000000069,1,0.0,10,102.0
西宁,1.3333333333333333,0,13,1.5282780792460449,1.711111111111111,1.0000000000000093,1,0.0,10,102.6
银川,1.5,3,4,0.9857443430533758,1.3333333333333333,1.0000000000000002,1,0.0,4,101.4
乌鲁木齐,1.0,1,1,0.4337808304830271,1.0,2.0,1,0.0,2,103.3
北京,1.5,3,4,0.9857443430533758,1.3333333333333333,1.0000000000000004,1,0.0,4,101.2
上海,3.91025641025641,12,41,4.476974373707922,1.4743589743589745,1.646051585808305,2,0.0,13,101.6
南京,2.8380952380952382,14,38,4.119786873388358,1.638095238095238,1.0000000000000178,1,0.0,15,101.8
广州,3.5555555555555554,8,22,3.348654237728528,1.3888888888888888,2.000000000000001,2,0.0,9,102.1
深圳,2.8333333333333335,11,28,3.4141723448873895,1.5757575757575757,1.0000000000000058,1,0.0,12,101.6
重庆,1.0,1,1,0.4337808304830271,1.0,2.0,1,0.0,2,102.5
成都,1.0701754385964912,18,22,1.762603979108864,1.871345029239766,1.000000000000008,1,0.0,19,101.7
天津,4.333333333333333,8,25,3.888216364652754,1.3055555555555556,1.9031170894975715,2,0.0,9,101.5
石家庄,4.933333333333334,9,30,4.1208015809050575,1.3333333333333333,3.0062624051725337,4,0.0,10,101.3
太原,1.5,3,4,0.9857443430533761,1.3333333333333333,1.0000000000000009,1,0.0,4,101.6
呼和浩特,1.0,1,1,0.4337808304830271,1.0,2.0,1,0.0,2,102.6
沈阳,1.2727272727272727,11,15,1.5873909912219175,1.7727272727272727,1.0000000000000304,1,0.0,12,101.7
大连,2.1666666666666665,3,5,1.2901694879307595,1.1666666666666667,2.0,2,0.0,4,101.9
长春,1.0,5,5,0.8082114824928227,1.6666666666666667,0.9999999999999998,1,0.0,6,101.7
哈尔滨,1.0,2,2,0.5796736792348084,1.3333333333333333,1.0000000000000002,1,0.0,3,101.4
杭州,3.633986928104575,17,56,5.048887013269193,1.6339869281045751,1.0000000000000056,1,0.0,18,101.4
宁波,5.022222222222222,9,32,4.543123429963194,1.288888888888889,3.000000000000004,3,0.0,10,102.2
合肥,1.9238095238095239,14,30,2.8434317619022096,1.7142857142857142,1.0000000000000306,1,0.0,15,102.0
福州,2.0714285714285716,7,13,1.9389621549006173,1.5357142857142858,1.0000000000000073,1,0.0,8,101.9
厦门,2.7,4,8,1.7953171269628072,1.2,2.0000000000000018,2,0.0,5,102.0
南昌,1.3571428571428572,7,10,1.3778855945631103,1.6428571428571428,1.0000000000000027,1,0.0,8,101.9
济南,3.131868131868132,13,35,3.4869704313897305,1.6153846153846154,1.317731381689586,2,0.0,14,101.6
青岛,3.8222222222222224,9,26,3.530514558073472,1.4222222222222223,1.8016115199354517,2,0.0,10,102.1
郑州,2.447619047619048,14,32,2.925873066822611,1.6952380952380952,1.1612557960728476,2,0.0,15,101.8
武汉,1.1923076923076923,12,16,1.6342099606888476,1.794871794871795,1.0000000000000027,1,0.0,13,102.9
长沙,1.4666666666666666,14,25,2.166638045977151,1.7619047619047619,1.0000000000000395,1,0.0,15,101.8
南宁,1.879120879120879,13,24,2.242819819802323,1.7362637362637363,1.0000000000000508,1,0.0,14,101.7
海口,1.0,10,10,1.0884600848053327,1.8181818181818181,1.0000000000000009,1,0.0,11,100.3
贵阳,1.7333333333333334,9,16,1.8885394249986063,1.6444444444444444,1.0000000000000036,1,0.0,10,102.5
昆明,1.4166666666666667,8,12,1.5435710894798305,1.6666666666666667,1.0000000000000038,1,0.0,9,102.8
拉萨,1.4166666666666667,0,12,1.5435710894798305,1.6666666666666667,1.0000000000000073,1,0.0,9,103.2
西安,1.1666666666666667,8,10,1.245917415590529,1.7222222222222223,1.0000000000000042,1,0.0,9,101.6
兰州,1.1666666666666667,0,10,1.245917415590529,1.7222222222222223,1.0000000000000016,1,0.0,9,102.0
西宁,1.0,2,2,0.5796736792348086,1.3333333333333333,1.0,1,0.0,3,102.9
银川,1.0,1,1,0.4337808304830271,1.0,2.0,1,0.0,2,102.2
乌鲁木齐,1.0,1,1,0.4337808304830271,1.0,2.0,1,0.0,2,104.0
北京,2.4285714285714284,6,12,1.9814624987451452,1.4285714285714286,1.4858630706647156,2,0.0,7,101.3
上海,3.121212121212121,11,31,3.521781075820412,1.5303030303030303,1.4785189114581678,2,0.0,12,101.8
南京,1.9743589743589745,12,25,2.8604565327649696,1.6794871794871795,1.0000000000000098,1,0.0,13,102.6
广州,1.9523809523809523,14,30,2.955807178951993,1.7142857142857142,1.0000000000000089,1,0.0,15,102.2
深圳,3.0714285714285716,7,17,2.685141560643658,1.3928571428571428,1.676595723913548,2,0.0,8,101.9
重庆,2.1666666666666665,3,5,1.2901694879307581,1.1666666666666667,2.000000000000001,2,0.0,4,102.7
成都,1.0849673202614378,17,21,1.7361391026837691,1.8627450980392157,1.0000000000000309,1,0.0,18,103.1
天津,5.424242424242424,11,43,5.354970701562139,1.3484848484848484,2.5947063720927472,3,0.0,12,102.5
石家庄,6.181818181818182,10,41,5.436744612542905,1.2545454545454546,4.153639552911356,5,0.0,11,102.4
太原,2.606060606060606,11,26,2.8686784123308495,1.606060606060606,1.3327594681605173,2,0.0,12,102.6
呼和浩特,2.7,4,8,1.7953171269628072,1.2,2.0000000000000018,2,0.0,5,102.9
沈阳,1.5454545454545454,10,16,1.8677712873982366,1.709090909090909,1.000000000000011,1,0.0,11,102.9
大连,1.5454545454545454,0,16,1.8677712873982366,1.709090909090909,1.0000000000000124,1,0.0,11,103.5
长春,1.2,5,6,1.0188341716605758,1.6,1.0000000000000016,1,0.0,6,102.2
哈尔滨,1.0,5,5,0.8082114824928223,1.6666666666666667,1.0,1,0.0,6,102.1
杭州,4.815217391304348,23,99,7.340830698875637,1.641304347826087,1.5884976478247712,2,0.0,24,102.4
宁波,6.8,10,44,6.021071709433008,1.2,3.0000000000000013,3,0.0,11,103.0
合肥,4.978947368421053,19,75,6.111768660518451,1.605263157894737,2.2124234766210686,3,0.0,20,102.7
福州,4.361111111111111,8,25,3.7873963475247674,1.3055555555555556,3.000000000000015,3,0.0,9,102.4
厦门,4.361111111111111,8,25,3.7873963475247674,1.3055555555555556,3.000000000000016,3,0.0,9,102.5
南昌,1.5333333333333334,9,15,1.8144890955076813,1.6666666666666667,1.0000000000000053,1,0.0,10,102.3
济南,3.6166666666666667,15,46,4.452672699633607,1.6166666666666667,1.615628512304152,2,0.0,16,102.1
青岛,5.5636363636363635,10,38,4.967921358677972,1.309090909090909,3.6785024697097946,4,0.0,11,102.7
郑州,3.0292397660818713,18,50,3.9927591587229947,1.7076023391812865,1.0000000000000273,1,0.0,19,101.8
武汉,1.8455882352941178,16,33,2.7254067992095448,1.7573529411764706,1.0000000000000373,1,0.0,17,103.5
长沙,3.497076023391813,18,54,4.338987652494071,1.6842105263157894,1.3511879035127348,2,0.0,19,102.2
南宁,3.295238095238095,14,40,3.9131537113510757,1.619047619047619,1.2113785470458567,2,0.0,15,102.0
海口,1.0,11,11,1.1421884473842552,1.8333333333333333,1.0,1,0.0,12,101.6
贵阳,1.0,3,3,0.6715602095137525,1.5,1.0000000000000004,1,0.0,4,104.6
昆明,1.5,12,21,2.0065655003956704,1.7307692307692308,1.0000000000000129,1,0.0,13,102.8
拉萨,1.5,0,21,2.0065655003956704,1.7307692307692308,1.0000000000000087,1,0.0,13,103.2
西安,1.4230769230769231,12,19,1.9328663417857446,1.7564102564102564,1.0000000000000244,1,0.0,13,102.4
兰州,1.2,5,6,1.0188341716605753,1.6,1.0000000000000002,1,0.0,6,103.2
西宁,1.2,0,6,1.0188341716605753,1.6,1.0000000000000013,1,0.0,6,103.0
银川,1.8214285714285714,7,12,1.7792130915273663,1.5714285714285714,1.0000000000000047,1,0.0,8,102.5
乌鲁木齐,1.0,1,1,0.4337808304830271,1.0,2.0,1,0.0,2,103.0
北京,3.4871794871794872,12,34,3.6189744480332395,1.564102564102564,1.4955526289163223,2,0.0,13,102.1
上海,4.5476190476190474,20,81,6.2397253175853,1.6142857142857143,1.8265017872002722,3,0.0,21,102.6
南京,4.757142857142857,20,78,6.265905442348933,1.6285714285714286,1.74287398767253,2,0.0,21,103.0
广州,3.9166666666666665,24,88,6.529667213969887,1.7066666666666668,1.0000000000000493,1,0.0,25,102.6
深圳,4.725274725274725,13,48,5.305196358256175,1.4725274725274726,2.707767221434122,3,0.0,14,102.5
重庆,1.0,4,4,0.7442576395400112,1.6,1.0000000000000007,1,0.0,5,103.5
成都,1.0,1,1,0.4337808304830271,1.0,2.0,1,0.0,2,104.2
天津,5.192982456140351,18,76,6.400368609268831,1.5555555555555556,2.344694621452457,3,0.0,19,102.2
石家庄,5.0,13,50,5.735655488965547,1.4505494505494505,1.000000000000006,1,0.0,14,101.9
太原,2.5757575757575757,11,26,2.8072951248434492,1.606060606060606,1.2680638587478463,2,0.0,12,102.6
呼和浩特,1.6785714285714286,7,12,1.7086817066857534,1.5714285714285714,1.0000000000000067,1,0.0,8,102.4
沈阳,2.5294117647058822,17,39,3.0138110343016455,1.7450980392156863,1.126985982329756,2,0.0,18,102.6
大连,2.6666666666666665,6,13,2.221298329108636,1.380952380952381,2.0000000000000027,2,0.0,7,103.0
长春,1.393939393939394,11,18,1.8524529726795618,1.7272727272727273,1.0000000000000044,1,0.0,12,101.8
哈尔滨,1.4916666666666667,15,28,2.3960417119273356,1.7666666666666666,1.0000000000000195,1,0.0,16,102.6
杭州,4.573122529644269,22,85,6.387655504927742,1.6640316205533596,1.7475726582623472,2,0.0,23,103.0
宁波,5.257575757575758,11,42,5.210285997116369,1.3636363636363635,3.3585175504700997,4,0.0,12,103.0
合肥,3.7666666666666666,20,65,5.01198501069253,1.6904761904761905,1.2476020130668515,2,0.0,21,102.5
福州,2.8333333333333335,8,19,2.881661724255723,1.4722222222222223,1.0000000000000058,1,0.0,9,102.5
厦门,4.4,5,14,2.9303497866197925,1.0666666666666667,4.000000000000002,4,0.0,6,102.3
南昌,1.8545454545454545,10,20,2.2564692596069515,1.6363636363636365,1.0000000000000104,1,0.0,11,102.2
济南,4.915032679738562,17,64,5.573067314645343,1.5816993464052287,2.3735543278145523,3,0.0,18,101.8
青岛,5.73202614379085,17,74,6.6306976624189575,1.5163398692810457,1.9082227323756502,2,0.0,18,102.6
郑州,2.9571428571428573,20,52,3.6995578422171724,1.7523809523809524,1.339229176214415,2,0.0,21,101.3
武汉,2.05,24,59,3.8892705766212594,1.8033333333333332,1.0000000000000804,1,0.0,25,102.9
长沙,3.272727272727273,22,66,4.739458701151223,1.7391304347826086,1.1892587538010568,2,0.0,23,102.0
南宁,2.4615384615384617,12,27,2.813154966872929,1.6538461538461537,1.000000000000035,1,0.0,13,102.0
海口,1.0,2,2,0.5796736792348086,1.3333333333333333,1.0,1,0.0,3,101.8
贵阳,4.010989010989011,13,39,3.7618793104966777,1.5714285714285714,1.8854273086062898,3,0.0,14,102.4
昆明,2.3006535947712417,17,36,2.7203203253918447,1.7647058823529411,1.079167132366154,2,0.0,18,102.4
拉萨,1.0,2,2,0.5796736792348086,1.3333333333333333,1.0000000000000004,1,0.0,3,102.9
西安,1.7523809523809524,20,45,3.2332814170344983,1.7857142857142858,1.0000000000001001,1,0.0,21,102.9
兰州,1.1944444444444444,8,10,1.2782007702350853,1.7222222222222223,1.000000000000007,1,0.0,9,103.4
西宁,1.4761904761904763,6,9,1.3766695444040262,1.5714285714285714,1.000000000000003,1,0.0,7,102.5
银川,1.8333333333333333,8,14,1.8830042148163357,1.6111111111111112,1.0000000000000098,1,0.0,9,102.2
乌鲁木齐,1.0,2,2,0.5796736792348086,1.3333333333333333,1.0000000000000002,1,0.0,3,102.2
北京,1.7292307692307691,25,53,3.590571565039297,1.8369230769230769,1.000000000000091,1,0.0,26,101.9
上海,3.926470588235294,16,56,5.241283781793523,1.588235294117647,1.763115238493059,2,0.0,17,102.4
南京,3.768421052631579,19,64,5.180133523375717,1.6631578947368422,1.2072702468718877,2,0.0,20,102.6
广州,2.5533596837944663,22,58,4.463178597096231,1.7707509881422925,1.0000000000000453,1,0.0,23,102.7
深圳,3.1333333333333333,14,40,4.223265768408193,1.619047619047619,2.0000000000000178,2,0.0,15,102.3
重庆,1.9090909090909092,10,19,2.152602553142216,1.6545454545454545,1.0000000000000187,1,0.0,11,102.8
成都,1.4142857142857144,20,35,2.540052110791874,1.8333333333333333,1.0000000000000513,1,0.0,21,103.1
天津,5.441666666666666,15,62,6.086934064177068,1.4833333333333334,2.4386388730927244,4,0.0,16,102.0
石家庄,5.747252747252747,13,54,6.038261720030599,1.4065934065934067,1.9894871863896046,2,0.0,14,101.8
太原,2.378787878787879,11,24,2.577176229871775,1.6363636363636365,1.2318939634034154,2,0.0,12,103.1
呼和浩特,2.1904761904761907,6,11,1.7020993058312737,1.4761904761904763,1.2679491924311266,2,0.0,7,102.6
沈阳,1.803921568627451,17,33,2.6542782494308095,1.7843137254901962,1.0000000000000744,1,0.0,18,102.4
大连,3.0,3,6,1.6671960885860428,1.0,4.000000000000001,3,0.0,4,102.8
长春,1.4393939393939394,11,19,1.91322844985021,1.7121212121212122,1.0000000000000115,1,0.0,12,102.4
哈尔滨,1.4333333333333333,15,27,2.2871108758395833,1.775,1.0000000000000153,1,0.0,16,102.9
杭州,3.3794466403162056,22,70,5.073881452607133,1.7233201581027668,1.4351840003895038,2,0.0,23,103.3
宁波,4.963636363636364,10,36,4.695310679342377,1.3454545454545455,2.7290850928481243,3,0.0,11,103.1
合肥,2.610526315789474,19,48,3.643014282680156,1.7473684210526317,1.1692416405986972,2,0.0,20,102.9
福州,3.3055555555555554,8,21,3.1976202332004537,1.4166666666666667,1.0000000000000024,1,0.0,9,103.6
厦门,3.9642857142857144,7,20,3.2732608123364355,1.2857142857142858,2.697224362268016,3,0.0,8,102.6
南昌,1.5357142857142858,7,11,1.520545852438488,1.6071428571428572,1.0000000000000053,1,0.0,8,102.3
济南,3.9084967320261437,17,55,4.559405275692019,1.6405228758169934,1.7552889837216126,3,0.0,18,102.0
青岛,5.282051282051282,12,46,5.174417216205146,1.4102564102564104,3.3186693563950413,4,0.0,13,102.6
郑州,2.526315789473684,18,42,3.1559071486160626,1.7543859649122806,1.1476560038676227,2,0.0,19,101.8
武汉,2.03,24,57,3.7575465305318803,1.81,1.000000000000071,1,0.0,25,102.8
长沙,3.3766233766233764,21,63,4.83187129363965,1.7272727272727273,1.2250053866181971,2,0.0,22,102.5
南宁,3.450980392156863,17,51,4.437643253289393,1.6666666666666667,1.1891443399114592,2,0.0,18,102.3
海口,1.032967032967033,13,14,1.3391746361775236,1.8461538461538463,1.0000000000000056,1,0.0,14,102.0
贵阳,4.076923076923077,13,38,3.6502455684300825,1.5824175824175823,1.8996823615826155,3,0.0,14,102.3
昆明,2.0588235294117645,17,34,2.583422152704405,1.7777777777777777,1.0000000000000937,1,0.0,18,102.2
拉萨,1.0,8,8,0.9799094311519359,1.7777777777777777,1.0000000000000009,1,0.0,9,102.3
西安,1.378787878787879,11,16,1.7069147151743578,1.7575757575757576,1.0000000000000315,1,0.0,12,103.0
兰州,1.4666666666666666,5,7,1.241466949850766,1.5333333333333334,1.0000000000000047,1,0.0,6,103.7
西宁,1.0,5,5,0.8082114824928227,1.6666666666666667,1.0000000000000004,1,0.0,6,102.5
银川,1.8214285714285714,7,12,1.7792130915273663,1.5714285714285714,1.0000000000000042,1,0.0,8,102.1
乌鲁木齐,2.7333333333333334,15,37,3.417725990729456,1.6916666666666667,1.507267848539902,2,0.0,16,101.4
北京,2.425,15,35,3.336769947978928,1.7083333333333333,1.000000000000026,1,0.0,16,102.1
上海,3.2857142857142856,6,15,2.632549679512189,1.2857142857142858,2.0000000000000018,2,0.0,7,102.9
南京,1.7820512820512822,12,24,2.461707352105758,1.6923076923076923,1.0000000000000164,1,0.0,13,102.7
广州,2.41897233201581,22,56,4.298280690837692,1.7786561264822134,1.000000000000018,1,0.0,23,103.2
深圳,3.1868131868131866,13,37,4.050674029975726,1.5934065934065933,2.000000000000017,2,0.0,14,102.8
重庆,2.0303030303030303,11,21,2.3601974614786068,1.6818181818181819,1.000000000000024,1,0.0,12,102.7
成都,1.3896103896103895,21,35,2.59888152847943,1.8484848484848484,1.0000000000000298,1,0.0,22,103.3
天津,2.9444444444444446,8,19,2.7158992470426067,1.4722222222222223,1.6812151491342484,2,0.0,9,102.2
石家庄,2.7818181818181817,10,23,2.747281966719735,1.5818181818181818,1.000000000000004,1,0.0,11,101.7
太原,2.5636363636363635,10,23,2.695524323234892,1.5818181818181818,1.4444558697271601,2,0.0,11,103.0
呼和浩特,1.5,3,4,0.9857443430533761,1.3333333333333333,1.0,1,0.0,4,102.5
沈阳,1.5333333333333334,14,24,2.254690656327655,1.7714285714285714,1.000000000000024,1,0.0,15,102.1
大连,3.0,3,6,1.6671960885860428,1.0,4.0,3,0.0,4,102.8
长春,1.25,8,11,1.3592781027961227,1.6944444444444444,1.0000000000000007,1,0.0,9,102.6
哈尔滨,1.3484848484848484,11,17,1.7993775990663872,1.7424242424242424,1.0000000000000102,1,0.0,12,103.1
杭州,3.2549019607843137,17,51,4.230325484028954,1.6666666666666667,1.49167533940051,2,0.0,18,103.3
宁波,3.8444444444444446,9,27,3.70784726962842,1.4,2.000000000000007,2,0.0,10,102.9
合肥,2.3157894736842106,18,41,3.052482326971563,1.760233918128655,1.0000000000000853,1,0.0,19,102.8
福州,2.380952380952381,6,12,2.072231164354604,1.4285714285714286,1.0000000000000033,1,0.0,7,103.4
厦门,2.380952380952381,6,12,2.0974617044625843,1.4285714285714286,1.0000000000000009,1,0.0,7,102.5
南昌,2.1555555555555554,9,17,1.9840440361295255,1.6222222222222222,1.1657568156860898,2,0.0,10,102.2
济南,4.285714285714286,14,46,4.479767188760096,1.561904761904762,2.2887252374273332,3,0.0,15,101.8
青岛,5.015151515151516,11,40,4.866538721249693,1.393939393939394,1.78229320766565,2,0.0,12,102.5
郑州,2.801470588235294,16,39,3.1730753296278515,1.713235294117647,1.2509833535781958,2,0.0,17,101.5
武汉,1.6140350877192982,18,34,2.595437734360259,1.8011695906432748,1.0000000000000495,1,0.0,19,102.7
长沙,2.491228070175439,18,40,2.9635432170055904,1.7660818713450293,1.1584759377323355,2,0.0,19,102.3
南宁,1.3516483516483517,13,21,1.9292510697414018,1.7692307692307692,1.0000000000000269,1,0.0,14,102.5
海口,1.0,14,14,1.3027593968573012,1.8666666666666667,0.9999999999999997,1,0.0,15,101.7
贵阳,3.5757575757575757,11,30,3.185689058443386,1.5454545454545454,1.669361366939913,3,0.0,12,102.4
昆明,1.4230769230769231,12,20,1.9327458957372115,1.7435897435897436,1.0000000000000224,1,0.0,13,102.3
拉萨,1.0,8,8,0.9799094311519359,1.7777777777777777,1.0,1,0.0,9,101.6
西安,1.3846153846153846,12,18,1.8756432784336652,1.7692307692307692,1.0000000000000209,1,0.0,13,102.7
兰州,1.5,8,12,1.5506932219258964,1.6666666666666667,1.0000000000000129,1,0.0,9,102.6
西宁,1.0,6,6,0.8676269289008737,1.7142857142857142,1.0000000000000007,1,0.0,7,102.6
银川,1.4666666666666666,5,7,1.241466949850764,1.5333333333333334,1.000000000000002,1,0.0,6,102.0
乌鲁木齐,1.5256410256410255,12,20,2.0914617854753583,1.7435897435897436,1.0000000000000075,1,0.0,13,101.2
北京,3.0,3,6,1.6671960885860428,1.0,4.000000000000002,3,0.0,4,102.5
上海,2.0,2,3,0.9963106677528506,1.0,2.999999999999999,2,0.0,3,102.9
南京,2.6476190476190475,14,35,3.357865362023439,1.6666666666666667,1.0000000000000222,1,0.0,15,102.6
广州,2.3473684210526318,19,47,3.9757305602705455,1.7526315789473683,1.0000000000000162,1,0.0,20,103.6
深圳,3.076923076923077,12,33,3.7701626507561685,1.5769230769230769,1.7458286713419953,2,0.0,13,102.9
重庆,1.8928571428571428,7,12,1.7572145084682602,1.5714285714285714,1.000000000000006,1,0.0,8,102.0
成都,1.2476190476190476,20,30,2.2333646175477226,1.8571428571428572,1.0000000000001146,1,0.0,21,103.3
天津,2.3333333333333335,9,19,2.4521819427008626,1.5777777777777777,1.0000000000000084,1,0.0,10,101.9
石家庄,3.4761904761904763,6,14,2.3131397468021855,1.3333333333333333,2.267949192431128,3,0.0,7,101.3
太原,1.8222222222222222,9,17,2.0559407049704377,1.6222222222222222,1.0000000000000049,1,0.0,10,102.3
呼和浩特,1.5,3,4,0.9857443430533761,1.3333333333333333,0.9999999999999999,1,0.0,4,101.7
沈阳,1.1333333333333333,9,11,1.2751382860275797,1.7555555555555555,1.0000000000000007,1,0.0,10,101.7
大连,1.0,1,1,0.4337808304830271,1.0,2.0,1,0.0,2,102.4
长春,1.0,3,3,0.6715602095137525,1.5,1.0000000000000002,1,0.0,4,102.4
哈尔滨,1.0,3,3,0.6715602095137524,1.5,0.9999999999999998,1,0.0,4,102.7
杭州,3.0,10,26,3.1217656856279667,1.5272727272727273,1.471326910850114,2,0.0,11,103.2
宁波,3.0714285714285716,7,17,2.76674674748273,1.3928571428571428,1.0000000000000036,1,0.0,8,102.4
合肥,1.9090909090909092,11,20,2.113240211472237,1.696969696969697,1.0000000000000302,1,0.0,12,102.7
福州,2.5277777777777777,8,17,2.280730242899714,1.5277777777777777,1.5448659874787096,2,0.0,9,102.8
厦门,2.7,4,8,1.7953171269628072,1.2,2.000000000000001,2,0.0,5,101.6
南昌,1.2,5,6,1.0188341716605753,1.6,1.0000000000000018,1,0.0,6,101.7
济南,2.712121212121212,11,27,3.005482506433795,1.5909090909090908,1.2802634987035937,2,0.0,12,101.3
青岛,3.9166666666666665,8,23,3.4157663815314603,1.3611111111111112,1.8178621975290203,2,0.0,9,101.6
郑州,1.4166666666666667,8,12,1.5201581785518519,1.6666666666666667,1.0000000000000084,1,0.0,9,101.1
武汉,1.3088235294117647,16,26,2.1227122477381366,1.8088235294117647,1.000000000000052,1,0.0,17,102.3
长沙,1.4705882352941178,17,30,2.3460114471055755,1.803921568627451,1.0000000000000764,1,0.0,18,101.6
南宁,1.358974358974359,12,19,1.843299683312424,1.7564102564102564,1.0000000000000104,1,0.0,13,101.7
海口,1.0,12,12,1.1957633515414685,1.8461538461538463,1.0000000000000004,1,0.0,13,100.8
贵阳,3.090909090909091,11,29,3.069641902402123,1.5606060606060606,1.436078031032652,2,0.0,12,101.6
昆明,1.3636363636363635,11,17,1.7507964742245077,1.7424242424242424,1.000000000000012,1,0.0,12,101.5
拉萨,1.0,8,8,0.9799094311519359,1.7777777777777777,1.0,1,0.0,9,101.7
西安,1.378787878787879,11,16,1.7069147151743578,1.7575757575757576,1.0000000000000315,1,0.0,12,102.3
兰州,1.4,9,13,1.5564751808690482,1.711111111111111,1.0000000000000158,1,0.0,10,101.9
西宁,1.4,0,13,1.5564751808690482,1.711111111111111,1.000000000000013,1,0.0,10,102.5
银川,1.4761904761904763,6,9,1.3766695444040198,1.5714285714285714,1.0000000000000022,1,0.0,7,101.5
乌鲁木齐,1.2857142857142858,6,8,1.2040281130098125,1.619047619047619,1.0000000000000009,1,0.0,7,100.6
北京,2.0,2,3,0.9963106677528506,1.0,2.9999999999999987,2,0.0,3,102.2
上海,2.0,2,3,0.9963106677528506,1.0,3.0,2,0.0,3,104.6
南京,1.0,5,5,0.8082114824928227,1.6666666666666667,0.9999999999999998,1,0.0,6,102.1
广州,2.717948717948718,12,30,3.5159133662587796,1.6153846153846154,1.0000000000000056,1,0.0,13,102.5
深圳,3.3055555555555554,8,21,3.2502821782038165,1.4166666666666667,1.000000000000004,1,0.0,9,102.2
重庆,1.8,5,8,1.433709882296002,1.4666666666666666,1.000000000000003,1,0.0,6,101.7
成都,1.1105263157894736,19,25,1.9334706681781944,1.868421052631579,1.0000000000000302,1,0.0,20,102.3
天津,1.8095238095238095,6,10,1.6860373801312702,1.5238095238095237,1.0000000000000018,1,0.0,7,101.9
石家庄,2.2,5,9,1.5988201028533382,1.4,1.3819660112501064,2,0.0,6,101.0
太原,2.0,2,3,0.9963106677528506,1.0,2.999999999999999,2,0.0,3,102.8
呼和浩特,1.5,3,4,0.9857443430533761,1.3333333333333333,1.0000000000000009,1,0.0,4,101.9
沈阳,1.0,1,1,0.4337808304830271,1.0,2.0,1,0.0,2,102.3
大连,1.0,0,1,0.4337808304830271,1.0,2.0,1,0.0,2,102.1
长春,1.0,2,2,0.5796736792348086,1.3333333333333333,1.0,1,0.0,3,102.9
哈尔滨,1.0,1,1,0.4337808304830271,1.0,2.0,1,0.0,2,102.4
杭州,2.6666666666666665,8,18,2.4865847788075652,1.5,1.3603490632324708,2,0.0,9,103.8
宁波,2.533333333333333,5,10,1.9973139127055597,1.3333333333333333,1.0000000000000009,1,0.0,6,102.7
合肥,1.0,7,7,0.9245060006413663,1.75,1.0,1,0.0,8,103.2
福州,1.1428571428571428,6,7,1.0483585732315168,1.6666666666666667,1.0000000000000036,1,0.0,7,102.8
厦门,1.7,4,6,1.2538120415178113,1.4,1.0000000000000009,1,0.0,5,101.6
南昌,1.0,1,1,0.4337808304830271,1.0,2.0,1,0.0,2,102.2
济南,1.6,9,16,1.8823439242953652,1.6444444444444444,1.0000000000000027,1,0.0,10,101.4
青岛,2.380952380952381,6,12,2.097461704462582,1.4285714285714286,1.0000000000000016,1,0.0,7,101.9
郑州,1.2820512820512822,12,18,1.7439851799409873,1.7692307692307692,1.00000000000002,1,0.0,13,101.1
武汉,1.1428571428571428,13,17,1.5943265888467593,1.8131868131868132,1.000000000000013,1,0.0,14,102.0
长沙,1.4696969696969697,11,19,1.930788383780306,1.7121212121212122,1.000000000000012,1,0.0,12,101.5
南宁,1.509090909090909,10,16,1.7643742816602626,1.709090909090909,1.0000000000000235,1,0.0,11,101.5
海口,1.0,10,10,1.0884600848053327,1.8181818181818181,1.0000000000000002,1,0.0,11,100.7
贵阳,2.803030303030303,11,27,2.8614149193958207,1.5909090909090908,1.3284663491708004,2,0.0,12,101.4
昆明,1.1818181818181819,10,13,1.4291884177107934,1.7636363636363637,1.0000000000000187,1,0.0,11,101.4
拉萨,1.0,8,8,0.9799094311519359,1.7777777777777777,1.0000000000000002,1,0.0,9,101.2
西安,1.2142857142857142,7,9,1.2216480060333264,1.6785714285714286,1.0000000000000004,1,0.0,8,102.9
兰州,1.5,3,4,0.985744343053378,1.3333333333333333,1.0,1,0.0,4,101.8
西宁,1.0,5,5,0.8082114824928227,1.6666666666666667,1.0000000000000002,1,0.0,6,102.7
银川,1.4,5,7,1.1957156882576814,1.5333333333333334,1.0000000000000004,1,0.0,6,102.1
乌鲁木齐,1.3,4,5,0.9964805273591643,1.5,1.0000000000000004,1,0.0,5,100.3
北京,1.0,5,5,0.8082114824928227,1.6666666666666667,1.0,1,0.0,6,102.0
上海,1.0,1,1,0.4337808304830271,1.0,2.0,1,0.0,2,104.3
南京,1.0,0,1,0.4337808304830271,1.0,2.0,1,0.0,2,102.5
广州,3.466666666666667,9,25,3.521676645441234,1.4444444444444444,1.9065784118543916,2,0.0,10,102.8
深圳,3.5555555555555554,8,22,3.3090257383710315,1.3888888888888888,1.6277186767310194,2,0.0,9,102.4
重庆,1.2,5,6,1.0188341716605767,1.6,1.0000000000000009,1,0.0,6,101.7
成都,1.0384615384615385,12,13,1.2927287970060692,1.8333333333333333,1.0000000000000089,1,0.0,13,102.2
天津,2.7142857142857144,6,13,2.215566356559106,1.380952380952381,1.763932022500237,2,0.0,7,101.8
石家庄,2.533333333333333,5,10,1.8631711190534115,1.3333333333333333,1.518805695907985,2,0.0,6,100.3
太原,1.3333333333333333,6,8,1.2443388841770078,1.619047619047619,1.0000000000000024,1,0.0,7,101.4
呼和浩特,1.3333333333333333,0,8,1.2443388841770078,1.619047619047619,1.0000000000000058,1,0.0,7,101.8
沈阳,1.2181818181818183,10,13,1.4573779790824641,1.7636363636363637,1.000000000000015,1,0.0,11,101.8
大连,2.0,2,3,0.9963106677528506,1.0,2.9999999999999996,2,0.0,3,101.9
长春,1.0,1,1,0.4337808304830271,1.0,2.0,1,0.0,2,102.0
哈尔滨,1.7,4,6,1.2538120415178102,1.4,1.0000000000000013,1,0.0,5,101.7
杭州,3.325,15,44,3.903892203049817,1.6333333333333333,1.4383433132913066,2,0.0,16,102.5
宁波,3.6444444444444444,9,26,3.4671250490735654,1.4222222222222223,1.7232847869140082,2,0.0,10,101.7
合肥,2.2280701754385963,18,39,2.930129299503026,1.7719298245614035,1.0000000000000824,1,0.0,19,102.5
福州,2.5357142857142856,7,15,2.3732502929327124,1.4642857142857142,1.000000000000003,1,0.0,8,102.1
厦门,3.9047619047619047,6,16,2.8329761718268522,1.2380952380952381,2.829913513373969,3,0.0,7,101.4
南昌,2.3777777777777778,9,19,2.2754579664119774,1.5777777777777777,1.1919207869269897,2,0.0,10,101.6
济南,2.2,14,30,2.7177495569569334,1.7142857142857142,1.0000000000000362,1,0.0,15,100.9
青岛,3.6666666666666665,5,12,2.3294147940575307,1.2,3.0000000000000058,3,0.0,6,101.8
郑州,2.8366013071895426,17,43,3.4286643239113994,1.7189542483660132,1.000000000000024,1,0.0,18,100.9
武汉,1.5494505494505495,13,23,2.1764209880588323,1.7472527472527473,1.000000000000024,1,0.0,14,101.8
长沙,2.6209150326797386,17,39,3.1460814831079054,1.7450980392156863,1.00000000000005,1,0.0,18,101.3
南宁,1.8571428571428572,13,25,2.447148920885348,1.7252747252747254,1.000000000000033,1,0.0,14,101.2
海口,1.0457516339869282,17,19,1.614442427953433,1.8758169934640523,1.0000000000000453,1,0.0,18,100.9
贵阳,3.5757575757575757,11,30,3.185689058443386,1.5454545454545454,1.6693613669399128,3,0.0,12,101.0
昆明,1.5333333333333334,9,15,1.7394310910595832,1.6666666666666667,1.000000000000008,1,0.0,10,100.8
拉萨,1.0,6,6,0.8676269289008737,1.7142857142857142,0.9999999999999998,1,0.0,7,100.2
西安,1.4166666666666667,8,12,1.5201581785518565,1.6666666666666667,1.0000000000000095,1,0.0,9,102.4
兰州,1.5,3,4,0.985744343053378,1.3333333333333333,1.0000000000000002,1,0.0,4,101.9
西宁,1.0,5,5,0.8082114824928227,1.6666666666666667,1.0000000000000002,1,0.0,6,102.4
银川,1.7,4,6,1.253812041517809,1.4,1.0000000000000009,1,0.0,5,102.4
乌鲁木齐,1.5934065934065933,13,23,2.1573352466738394,1.7472527472527473,1.0000000000000397,1,0.0,14,99.9
北京,1.3571428571428572,7,10,1.3778855945631059,1.6428571428571428,1.0000000000000029,1,0.0,8,101.8
上海,2.7,4,8,1.7953171269628072,1.2,2.0000000000000013,2,0.0,5,102.2
南京,1.7820512820512822,12,24,2.435640608513682,1.6923076923076923,1.0000000000000182,1,0.0,13,102.1
广州,2.1176470588235294,17,41,3.649647987322666,1.7320261437908497,1.000000000000012,1,0.0,18,102.0
深圳,3.642857142857143,7,19,3.104119319979491,1.3214285714285714,1.9399173808088728,2,0.0,8,102.2
重庆,2.0444444444444443,9,17,2.194165750693499,1.6222222222222222,1.0000000000000084,1,0.0,10,101.4
成都,1.6421052631578947,19,34,2.594089081773529,1.8210526315789475,1.0000000000000768,1,0.0,20,101.6
天津,4.111111111111111,9,28,3.975974414486935,1.3777777777777778,2.000000000000005,2,0.0,10,101.5
石家庄,5.066666666666666,9,31,4.28469942768385,1.3111111111111111,3.1574148699171887,4,0.0,10,99.5
太原,2.2363636363636363,10,20,2.2662229735540422,1.6363636363636365,1.2384001099622277,2,0.0,11,101.3
呼和浩特,2.1333333333333333,5,9,1.7284825366214396,1.4,1.0000000000000013,1,0.0,6,101.3
沈阳,1.825,15,28,2.449449142969565,1.7666666666666666,1.0000000000000615,1,0.0,16,100.2
大连,2.7,4,8,1.795317126962805,1.2,2.000000000000001,2,0.0,5,101.2
长春,1.378787878787879,11,17,1.7679646650686955,1.7424242424242424,1.0000000000000173,1,0.0,12,100.7
哈尔滨,1.1944444444444444,8,10,1.278200770235086,1.7222222222222223,1.000000000000008,1,0.0,9,101.0
杭州,4.2687747035573125,22,84,6.487758062938121,1.66798418972332,1.563828522787757,2,0.0,23,102.1
宁波,5.625,15,62,6.161897888179843,1.4833333333333334,2.000000000000001,2,0.0,16,101.2
合肥,5.636842105263158,19,83,7.064071613478838,1.563157894736842,2.5720649580537716,3,0.0,20,102.3
福州,3.6,10,29,3.684105667200185,1.4727272727272727,1.718822646303881,2,0.0,11,102.1
厦门,4.285714285714286,7,21,3.4812551128218137,1.25,3.000000000000007,3,0.0,8,100.8
南昌,4.151515151515151,11,35,4.09120272205791,1.4696969696969697,2.1556159272838515,3,0.0,12,101.0
济南,4.033333333333333,15,47,4.334825776834559,1.6083333333333334,1.9174215071345204,3,0.0,16,100.3
青岛,5.015151515151516,11,40,4.837884948483548,1.393939393939394,1.7820230346482062,2,0.0,12,101.2
郑州,3.7526315789473683,19,59,4.505111984123475,1.6894736842105262,1.2590920451475986,2,0.0,20,100.2
武汉,2.6714285714285713,20,50,3.531453524837383,1.7619047619047619,1.1790283547152987,2,0.0,21,101.2
长沙,4.5285714285714285,20,69,5.313695050361358,1.6714285714285715,1.8034094925513178,3,0.0,21,101.0
南宁,3.4,14,41,4.391860618004602,1.6095238095238096,1.000000000000017,1,0.0,15,101.8
海口,1.368421052631579,18,28,2.390940932934911,1.8362573099415205,1.0000000000000326,1,0.0,19,100.6
贵阳,4.32051282051282,12,39,4.130015214369076,1.5,1.8873441458203608,3,0.0,13,101.2
昆明,1.871345029239766,18,40,3.021085560853812,1.7660818713450293,1.0000000000000573,1,0.0,19,100.3
拉萨,1.0,4,4,0.7442576395400112,1.6,1.0000000000000009,1,0.0,5,99.4
西安,1.7124183006535947,17,33,2.5826791605774098,1.7843137254901962,1.0000000000001,1,0.0,18,101.7
兰州,1.5769230769230769,12,21,2.102493477559489,1.7307692307692308,1.000000000000021,1,0.0,13,101.5
西宁,1.3333333333333333,6,8,1.2443388841770078,1.619047619047619,1.000000000000004,1,0.0,7,102.1
银川,1.8571428571428572,7,13,1.8173681377683482,1.5357142857142858,1.0000000000000069,1,0.0,8,102.5
乌鲁木齐,1.3818181818181818,10,15,1.6476872957775666,1.7272727272727273,1.0000000000000164,1,0.0,11,100.2
北京,2.1818181818181817,11,23,2.519037118913754,1.6515151515151516,1.000000000000011,1,0.0,12,101.2
上海,3.45,24,78,5.422182727210719,1.74,1.0000000000000244,1,0.0,25,101.5
南京,4.196078431372549,17,59,5.239590419023878,1.6143790849673203,1.754156235889357,2,0.0,18,101.4
广州,3.3770114942528737,29,97,6.550486319059421,1.7770114942528736,1.0000000000000102,1,0.0,30,101.3
深圳,3.863157894736842,19,66,5.916939730365364,1.6526315789473685,1.6247796794082274,2,0.0,20,101.7
重庆,2.1264822134387353,22,53,3.6053280342580587,1.790513833992095,1.0000000000001024,1,0.0,23,101.2
成都,2.119047619047619,20,46,3.6018545954434695,1.7809523809523808,1.000000000000045,1,0.0,21,101.4
天津,2.533333333333333,5,10,1.9241716050156223,1.3333333333333333,2.0000000000000027,2,0.0,6,102.0
石家庄,4.0,8,24,3.6523567596420383,1.3333333333333333,2.0000000000000018,2,0.0,9,99.4
太原,1.6818181818181819,11,20,2.109405217747948,1.696969696969697,1.0000000000000173,1,0.0,12,100.7
呼和浩特,1.8095238095238095,6,10,1.6860373801312745,1.5238095238095237,1.0000000000000042,1,0.0,7,101.2
沈阳,1.5,16,26,2.2216074573569333,1.8088235294117647,1.0000000000000622,1,0.0,17,100.7
大连,2.1666666666666665,3,5,1.2901694879307595,1.1666666666666667,2.0000000000000018,2,0.0,4,101.3
长春,1.1090909090909091,10,12,1.308167419394125,1.7818181818181817,1.0000000000000004,1,0.0,11,101.1
哈尔滨,1.1944444444444444,8,10,1.278200770235086,1.7222222222222223,1.0000000000000113,1,0.0,9,101.0
杭州,3.7333333333333334,15,48,4.384636758339448,1.6,1.6861834667361069,3,0.0,16,102.3
宁波,4.194444444444445,8,24,3.578747929579508,1.3333333333333333,1.9633310759020413,2,0.0,9,101.4
合肥,2.6691176470588234,16,38,3.10307143689349,1.7205882352941178,1.2024696028667874,2,0.0,17,102.3
福州,2.638888888888889,8,18,2.5971134776544846,1.5,1.000000000000006,1,0.0,9,101.8
厦门,3.4285714285714284,6,15,2.643151940006549,1.2857142857142858,2.5188056959079983,3,0.0,7,100.4
南昌,1.5818181818181818,10,17,1.8489626425453027,1.690909090909091,1.000000000000015,1,0.0,11,100.9
济南,3.525,15,43,3.9773918303642213,1.6416666666666666,1.692688191417874,2,0.0,16,100.8
青岛,4.2727272727272725,11,36,4.330194366908501,1.4545454545454546,1.7810200433580303,2,0.0,12,101.5
郑州,1.2222222222222223,9,12,1.4061033756901278,1.7333333333333334,1.0000000000000122,1,0.0,10,100.6
武汉,1.368421052631579,19,33,2.4792242980497,1.8263157894736841,1.0000000000000617,1,0.0,20,101.3
长沙,2.130718954248366,17,36,2.8358126405705497,1.7647058823529411,1.0000000000000648,1,0.0,18,100.9
南宁,1.879120879120879,13,24,2.2930862134659824,1.7362637362637363,1.0000000000000417,1,0.0,14,101.4
海口,1.1,15,18,1.6301574156813077,1.85,1.000000000000008,1,0.0,16,100.7
贵阳,3.5757575757575757,11,30,3.185689058443386,1.5454545454545454,1.6693613669399123,3,0.0,12,100.9
昆明,1.4285714285714286,13,22,2.0149800652789214,1.7582417582417582,1.0000000000000124,1,0.0,14,100.0
拉萨,1.0,8,8,0.9799094311519359,1.7777777777777777,1.0000000000000002,1,0.0,9,100.2
西安,1.0,1,1,0.4337808304830271,1.0,2.0,1,0.0,2,102.7
兰州,1.2181818181818183,10,13,1.4573779790824635,1.7636363636363637,1.0000000000000089,1,0.0,11,101.1
西宁,1.0,6,6,0.8676269289008737,1.7142857142857142,0.9999999999999997,1,0.0,7,101.7
银川,1.4666666666666666,5,7,1.241466949850764,1.5333333333333334,1.0000000000000016,1,0.0,6,101.8
乌鲁木齐,1.3181818181818181,11,16,1.6616344137285817,1.7575757575757576,1.0000000000000226,1,0.0,12,100.8
北京,1.9090909090909092,10,19,2.4736381272333903,1.6545454545454545,1.0000000000000053,1,0.0,11,101.3
上海,2.6363636363636362,11,27,3.2016877604990266,1.5909090909090908,1.0000000000000144,1,0.0,12,101.6
南京,2.4,15,37,3.4865607833347703,1.6916666666666667,1.0000000000000315,1,0.0,16,101.2
广州,1.8857142857142857,20,42,3.2186941143894843,1.8,1.0000000000000313,1,0.0,21,101.5
深圳,2.8214285714285716,7,16,2.5287659635686652,1.4285714285714286,2.000000000000006,2,0.0,8,102.5
重庆,2.0714285714285716,7,13,1.9389621549006126,1.5357142857142858,1.0000000000000047,1,0.0,8,100.6
成都,1.2714285714285714,20,31,2.3091426370809995,1.8523809523809525,1.0000000000001017,1,0.0,21,101.3
天津,4.5777777777777775,9,31,4.3908435645151345,1.3333333333333333,1.927061208153036,2,0.0,10,102.2
石家庄,4.945454545454545,10,35,4.633674671182777,1.3636363636363635,1.97579175909397,2,0.0,11,100.3
太原,1.9555555555555555,9,18,2.2343683275416186,1.6,1.0000000000000093,1,0.0,10,101.5
呼和浩特,2.7,4,8,1.7953171269628072,1.2,2.000000000000002,2,0.0,5,101.6
沈阳,1.475,15,24,2.1504082466881913,1.8,1.0000000000000417,1,0.0,16,100.9
大连,2.1666666666666665,3,5,1.2901694879307595,1.1666666666666667,2.0,2,0.0,4,102.0
长春,1.1333333333333333,9,11,1.275138286027581,1.7555555555555555,1.0000000000000009,1,0.0,10,100.9
哈尔滨,1.0,1,1,0.4337808304830271,1.0,2.0,1,0.0,2,101.9
杭州,2.8,10,25,2.8727372026877633,1.5454545454545454,1.2729849903758739,2,0.0,11,102.6
宁波,2.7142857142857144,6,13,2.191944630909439,1.380952380952381,1.4858630706647105,2,0.0,7,101.9
合肥,2.257309941520468,18,40,2.969889943250803,1.7660818713450293,1.0000000000000902,1,0.0,19,102.9
福州,2.5357142857142856,7,15,2.3732502929327124,1.4642857142857142,1.000000000000005,1,0.0,8,101.9
厦门,3.4285714285714284,6,15,2.6431519400065584,1.2857142857142858,2.518805695907997,3,0.0,7,101.1
南昌,1.4222222222222223,9,14,1.635272063504291,1.6888888888888889,1.000000000000011,1,0.0,10,101.5
济南,2.625,15,39,3.6583114712668894,1.675,1.0000000000000335,1,0.0,16,101.6
青岛,4.472222222222222,8,25,3.773913669440029,1.3055555555555556,1.837722339831621,2,0.0,9,101.8
郑州,2.6013071895424837,17,40,3.165396046645928,1.738562091503268,1.0000000000000355,1,0.0,18,101.5
武汉,1.4509803921568627,17,29,2.3423263583308067,1.8104575163398693,1.0000000000000617,1,0.0,18,102.1
长沙,2.1169590643274856,18,37,2.761435667234577,1.7836257309941521,1.0000000000001241,1,0.0,19,101.6
南宁,2.08974358974359,12,24,2.3709637760754143,1.6923076923076923,1.0000000000000433,1,0.0,13,101.9
海口,1.025,15,16,1.4346619443351558,1.8666666666666667,1.0000000000000058,1,0.0,16,101.1
贵阳,3.5757575757575757,11,30,3.185689058443386,1.5454545454545454,1.669361366939913,3,0.0,12,101.4
昆明,1.509090909090909,10,17,1.8280353007382095,1.690909090909091,1.0000000000000149,1,0.0,11,100.3
拉萨,1.0,6,6,0.8676269289008737,1.7142857142857142,0.9999999999999999,1,0.0,7,99.7
西安,1.3956043956043955,13,20,1.9157877532420966,1.7802197802197801,1.000000000000027,1,0.0,14,102.6
兰州,1.1944444444444444,8,10,1.2782007702350844,1.7222222222222223,1.0000000000000036,1,0.0,9,101.6
西宁,1.0,6,6,0.8676269289008737,1.7142857142857142,1.0,1,0.0,7,101.9
银川,1.4666666666666666,5,7,1.241466949850764,1.5333333333333334,1.0000000000000029,1,0.0,6,102.6
乌鲁木齐,1.5,8,12,1.5506932219258962,1.6666666666666667,1.000000000000011,1,0.0,9,100.8
北京,2.7777777777777777,9,21,2.7799425238545625,1.5333333333333334,1.0000000000000104,1,0.0,10,101.8
上海,3.5555555555555554,8,22,3.2851656479279527,1.3888888888888888,1.452493386835024,2,0.0,9,101.8
南京,2.120879120879121,13,30,3.105742590701077,1.6703296703296704,1.0000000000000264,1,0.0,14,101.9
广州,2.673202614379085,17,47,4.255711429330617,1.6928104575163399,1.0000000000000147,1,0.0,18,102.0
深圳,3.4615384615384617,12,36,4.133887419298399,1.5384615384615385,1.7506789977081254,2,0.0,13,102.0
重庆,2.0555555555555554,8,15,2.0666107530247886,1.5833333333333333,1.0000000000000064,1,0.0,9,101.0
成都,1.3285714285714285,20,32,2.40490617456472,1.8476190476190477,1.0000000000000275,1,0.0,21,101.7
天津,3.0833333333333335,8,21,2.9887102287461715,1.4444444444444444,1.7385159088654962,2,0.0,9,103.0
石家庄,3.4761904761904763,6,14,2.3131397468021913,1.3333333333333333,2.267949192431127,3,0.0,7,101.4
太原,1.8181818181818181,10,19,2.1185747333947575,1.6545454545454545,1.0000000000000167,1,0.0,11,102.3
呼和浩特,1.5,3,4,0.9857443430533761,1.3333333333333333,1.0000000000000004,1,0.0,4,102.9
沈阳,1.3296703296703296,13,19,1.8876808363287634,1.7912087912087913,1.00000000000002,1,0.0,14,102.5
大连,1.3296703296703296,0,19,1.8876808363287634,1.7912087912087913,1.0000000000000338,1,0.0,14,103.4
长春,1.1666666666666667,8,10,1.245917415590531,1.7222222222222223,1.0000000000000049,1,0.0,9,102.0
哈尔滨,1.0,1,1,0.4337808304830271,1.0,2.0,1,0.0,2,103.0
杭州,4.383333333333334,15,54,5.161931023303755,1.55,1.810500628412774,2,0.0,16,103.4
宁波,4.709090909090909,10,35,4.601885264489663,1.3636363636363635,2.0000000000000027,2,0.0,11,102.9
合肥,2.8263157894736843,19,49,3.6606105269044256,1.7421052631578948,1.0000000000000582,1,0.0,20,103.6
福州,3.0555555555555554,8,20,3.042712808593323,1.4444444444444444,1.0000000000000024,1,0.0,9,103.3
厦门,4.142857142857143,6,17,3.120907718350603,1.1904761904761905,3.0000000000000053,3,0.0,7,102.5
南昌,1.4166666666666667,8,12,1.520158178551853,1.6666666666666667,1.0000000000000107,1,0.0,9,102.3
济南,2.5428571428571427,14,35,3.3805345420937076,1.6666666666666667,1.000000000000034,1,0.0,15,102.9
青岛,3.1333333333333333,9,23,3.205688713866094,1.488888888888889,1.0000000000000089,1,0.0,10,102.8
郑州,2.735294117647059,16,37,2.9370162308897316,1.7279411764705883,1.2296702790125122,2,0.0,17,102.5
武汉,1.438095238095238,20,37,2.650185831997988,1.8238095238095238,1.0000000000000835,1,0.0,21,102.8
长沙,2.3216374269005846,18,39,2.840263606075061,1.7719298245614035,1.070389121812954,2,0.0,19,102.5
南宁,1.989010989010989,13,26,2.511169552920676,1.7142857142857142,1.0000000000000357,1,0.0,14,102.6
海口,1.0,15,15,1.3562607173125618,1.875,1.0000000000000013,1,0.0,16,101.9
贵阳,3.4,10,25,2.831402953903285,1.5454545454545454,1.702615733583071,3,0.0,11,102.2
昆明,1.5,12,21,2.0065655003956775,1.7307692307692308,1.0000000000000075,1,0.0,13,100.7
拉萨,1.0,6,6,0.8676269289008737,1.7142857142857142,0.9999999999999999,1,0.0,7,100.1
西安,1.4545454545454546,10,15,1.696095653669369,1.7272727272727273,1.0000000000000213,1,0.0,11,102.8
兰州,1.0,2,2,0.5796736792348086,1.3333333333333333,0.9999999999999998,1,0.0,3,102.7
西宁,1.0,2,2,0.5796736792348086,1.3333333333333333,1.0,1,0.0,3,102.7
银川,1.0,2,2,0.5796736792348084,1.3333333333333333,1.0,1,0.0,3,103.4
乌鲁木齐,1.1944444444444444,8,10,1.278200770235086,1.7222222222222223,1.0000000000000087,1,0.0,9,101.8
北京,1.9555555555555555,9,17,2.350317645395108,1.6222222222222222,1.0000000000000062,1,0.0,10,102.4
上海,2.7,15,41,3.951958068322875,1.6583333333333334,1.000000000000016,1,0.0,16,102.5
南京,2.7583333333333333,15,39,3.7527906092537293,1.675,1.1377312334496261,2,0.0,16,102.5
广州,2.6473684210526316,19,51,4.29871470381461,1.731578947368421,1.0000000000000087,1,0.0,20,102.3
深圳,2.895238095238095,14,38,3.9683903497719224,1.638095238095238,1.0000000000000102,1,0.0,15,102.5
重庆,1.2,5,6,1.0188341716605767,1.6,1.000000000000001,1,0.0,6,101.6
成都,1.1333333333333333,9,11,1.275138286027583,1.7555555555555555,1.0000000000000033,1,0.0,10,102.7
天津,3.6,15,48,4.821176356741993,1.6,2.000000000000035,2,0.0,16,102.4
石家庄,4.46969696969697,11,37,4.674408790234373,1.4393939393939394,1.0000000000000058,1,0.0,12,101.2
太原,1.8333333333333333,11,22,2.2786810446976085,1.6666666666666667,1.000000000000009,1,0.0,12,102.2
呼和浩特,2.0952380952380953,6,11,1.8120405871025953,1.4761904761904763,1.0000000000000038,1,0.0,7,101.6
沈阳,1.8366013071895424,17,32,2.585527868855263,1.7908496732026145,1.000000000000072,1,0.0,18,101.4
大连,2.533333333333333,5,10,1.9241716050156223,1.3333333333333333,2.0000000000000013,2,0.0,6,102.5
长春,1.2,9,12,1.379430526478468,1.7333333333333334,1.0000000000000013,1,0.0,10,100.8
哈尔滨,2.0,2,3,0.9963106677528506,1.0,3.0,2,0.0,3,101.9
杭州,3.9263157894736844,19,67,5.484250455609445,1.6473684210526316,1.7275838077464887,2,0.0,20,102.6
宁波,4.8,9,31,4.402507795535944,1.3111111111111111,3.0000000000000115,3,0.0,10,102.4
合肥,3.225108225108225,21,63,4.965910598579323,1.7272727272727273,1.0000000000000404,1,0.0,22,102.8
福州,1.7222222222222223,8,14,1.881100936924041,1.6111111111111112,1.000000000000007,1,0.0,9,101.8
厦门,2.7,4,8,1.7953171269628072,1.2,2.000000000000001,2,0.0,5,101.9
南昌,1.7333333333333334,9,16,1.9815268676680886,1.6444444444444444,1.0000000000000062,1,0.0,10,101.5
济南,3.8088235294117645,16,49,4.1914128272329005,1.6397058823529411,1.7112732800244803,3,0.0,17,102.3
青岛,4.472527472527473,13,44,4.592475010191309,1.5164835164835164,1.8206008916175698,2,0.0,14,102.1
郑州,3.458498023715415,22,65,4.3071572519488655,1.743083003952569,1.273088564646255,2,0.0,23,101.7
武汉,2.0,23,57,4.550333303808901,1.7934782608695652,1.000000000000073,1,0.0,24,102.1
长沙,2.6600790513833994,22,59,4.292491422754702,1.766798418972332,1.0358413430320486,2,0.0,23,101.5
南宁,1.7428571428571429,14,28,2.531706228572707,1.7333333333333334,1.0000000000000284,1,0.0,15,101.9
海口,1.0,12,12,1.1957633515414685,1.8461538461538463,1.0000000000000009,1,0.0,13,101.9
贵阳,2.8333333333333335,12,30,3.012999618163112,1.6153846153846154,1.3652787695523374,2,0.0,13,100.8
昆明,1.3333333333333333,11,17,1.7445010712809328,1.7424242424242424,1.0000000000000038,1,0.0,12,100.1
拉萨,1.0,8,8,0.9799094311519359,1.7777777777777777,0.9999999999999997,1,0.0,9,99.9
西安,1.5368421052631578,19,37,3.163683299879357,1.805263157894737,1.0000000000000344,1,0.0,20,102.4
兰州,1.1904761904761905,14,20,1.7702319585555808,1.8095238095238095,1.000000000000023,1,0.0,15,102.3
西宁,1.3333333333333333,6,8,1.2443388841770078,1.619047619047619,1.000000000000003,1,0.0,7,101.8
银川,1.5,8,12,1.577363142350524,1.6666666666666667,1.0000000000000087,1,0.0,9,102.4
乌鲁木齐,1.1428571428571428,6,7,1.048358573231517,1.6666666666666667,1.0000000000000018,1,0.0,7,101.6
北京,1.4861538461538462,25,48,3.217394468141024,1.8523076923076922,1.0000000000000697,1,0.0,26,102.0
上海,3.4678362573099415,18,59,4.870190393564676,1.654970760233918,1.3846479145172894,2,0.0,19,102.2
南京,2.8529411764705883,16,46,4.4881050706231065,1.661764705882353,1.0000000000000235,1,0.0,17,102.2
广州,2.7908496732026142,17,46,4.220420701998622,1.6993464052287581,1.0000000000000275,1,0.0,18,101.8
深圳,2.75,15,40,3.9150070315863617,1.6666666666666667,1.0000000000000209,1,0.0,16,102.0
重庆,1.4285714285714286,7,10,1.4146853396869683,1.6428571428571428,1.000000000000004,1,0.0,8,100.2
成都,1.1,20,26,1.9709620111495905,1.8761904761904762,1.000000000000052,1,0.0,21,100.7
天津,4.136363636363637,11,36,4.503326074198511,1.4545454545454546,1.8689491763580575,2,0.0,12,101.0
石家庄,5.363636363636363,10,37,4.889379063597399,1.3272727272727274,3.0000000000000067,3,0.0,11,100.3
太原,1.8333333333333333,11,22,2.2786810446976085,1.6666666666666667,1.0000000000000213,1,0.0,12,101.0
呼和浩特,1.8571428571428572,7,13,1.8484429846159458,1.5357142857142858,1.0000000000000024,1,0.0,8,100.3
沈阳,1.5029239766081872,18,33,2.5768111761318466,1.8070175438596492,1.0000000000000488,1,0.0,19,100.3
大连,2.7,4,8,1.795317126962805,1.2,2.000000000000002,2,0.0,5,101.1
长春,1.2363636363636363,10,14,1.516914571316124,1.7454545454545454,1.0000000000000049,1,0.0,11,100.2
哈尔滨,1.5494505494505495,13,22,2.0952084709270027,1.7582417582417582,1.000000000000032,1,0.0,14,101.2
杭州,3.3333333333333335,18,56,4.852108777118314,1.672514619883041,1.0000000000000107,1,0.0,19,101.5
宁波,4.822222222222222,9,31,4.388858223052218,1.3111111111111111,3.000000000000013,3,0.0,10,101.7
合肥,3.1699346405228757,17,45,3.6886220994355337,1.7058823529411764,1.4728414079043624,2,0.0,18,102.1
福州,2.0,8,15,2.099291146597687,1.5833333333333333,1.0000000000000058,1,0.0,9,101.0
厦门,2.933333333333333,5,11,2.1409338469505506,1.2666666666666666,1.8299135133739666,2,0.0,6,100.9
南昌,1.288888888888889,9,13,1.5000350648626695,1.711111111111111,1.0000000000000056,1,0.0,10,100.8
济南,2.966666666666667,15,41,3.8525508948679197,1.6583333333333334,1.3079552183824872,2,0.0,16,101.4
青岛,4.2727272727272725,10,32,4.130168490740583,1.4181818181818182,1.7949153277541856,2,0.0,11,101.3
郑州,2.935672514619883,18,45,3.379801353547984,1.736842105263158,1.2360730522368757,2,0.0,19,100.9
武汉,1.2666666666666666,20,33,2.411388215106794,1.8428571428571427,1.0000000000000424,1,0.0,21,101.6
长沙,1.7543859649122806,18,36,2.698532514676862,1.7894736842105263,1.0000000000001112,1,0.0,19,100.9
南宁,1.6153846153846154,12,22,2.145818740111083,1.7179487179487178,1.000000000000019,1,0.0,13,101.5
海口,1.0,11,11,1.1421884473842552,1.8333333333333333,1.0,1,0.0,12,101.2
贵阳,3.378787878787879,11,29,3.086651084500455,1.5606060606060606,1.5500132026280706,2,0.0,12,100.0
昆明,1.4166666666666667,8,12,1.5435710894798305,1.6666666666666667,1.0000000000000029,1,0.0,9,100.0
拉萨,1.0,8,8,0.9799094311519359,1.7777777777777777,1.0,1,0.0,9,99.5
西安,1.3076923076923077,13,19,1.8050060171239288,1.7912087912087913,1.0000000000000375,1,0.0,14,101.6
兰州,1.2435897435897436,12,17,1.6769071886296056,1.7820512820512822,1.0000000000000118,1,0.0,13,101.0
西宁,1.3333333333333333,6,8,1.2443388841770078,1.619047619047619,1.000000000000005,1,0.0,7,101.2
银川,1.6666666666666667,5,8,1.3883915950812205,1.4666666666666666,1.0000000000000022,1,0.0,6,101.6
乌鲁木齐,1.3818181818181818,10,15,1.6476872957775666,1.7272727272727273,1.0000000000000162,1,0.0,11,100.9
北京,2.131868131868132,13,28,2.7616941094201954,1.6923076923076923,1.0000000000000318,1,0.0,14,101.2
上海,3.065934065934066,13,37,3.927782294874829,1.5934065934065933,1.5157693352299102,2,0.0,14,101.1
南京,2.0606060606060606,11,23,2.920769841102508,1.6515151515151516,1.000000000000005,1,0.0,12,101.3
广州,2.780952380952381,14,37,3.8846101934590127,1.6476190476190475,1.000000000000007,1,0.0,15,101.6
深圳,3.1818181818181817,10,27,3.5876530108515374,1.509090909090909,1.000000000000006,1,0.0,11,101.4
重庆,1.5714285714285714,6,9,1.4173528271234508,1.5714285714285714,1.0000000000000036,1,0.0,7,99.8
成都,1.1228070175438596,18,24,1.8974382061022288,1.8596491228070176,1.0000000000000264,1,0.0,19,99.9
天津,4.346153846153846,12,44,5.294350557137834,1.4743589743589745,1.0000000000000016,1,0.0,13,101.3
石家庄,3.138888888888889,8,23,3.5129788211576174,1.4444444444444444,2.0000000000000067,2,0.0,9,100.8
太原,4.378787878787879,11,40,5.0887591442507585,1.4393939393939394,1.0000000000000038,1,0.0,12,101.2
呼和浩特,7.87987987987988,36,230,13.583135892630636,1.6591591591591592,7.000000000000207,7,0.0,37,101.0
沈阳,3.138888888888889,8,23,3.512978821157625,1.4444444444444444,2.0000000000000044,2,0.0,9,101.2
大连,2.0,2,5,1.7254585537059635,1.0,3.0,2,0.0,3,101.6
长春,3.138888888888889,8,23,3.5129788211576174,1.4444444444444444,2.0000000000000044,2,0.0,9,101.4
哈尔滨,3.138888888888889,8,23,3.5129788211576174,1.4444444444444444,2.0000000000000036,2,0.0,9,101.5
杭州,4.171428571428572,14,51,5.597488551086207,1.542857142857143,1.0000000000000082,1,0.0,15,101.0
宁波,4.378787878787879,11,40,5.088759144250763,1.4393939393939394,1.0000000000000067,1,0.0,12,101.9
合肥,4.346153846153846,12,44,5.29435055713782,1.4743589743589745,1.0000000000000004,1,0.0,13,102.0
福州,3.138888888888889,8,23,3.5129788211576174,1.4444444444444444,2.0000000000000044,2,0.0,9,100.4
厦门,3.138888888888889,8,23,3.5129788211576174,1.4444444444444444,2.000000000000003,2,0.0,9,101.1
南昌,3.138888888888889,8,23,3.5129788211576174,1.4444444444444444,2.0000000000000053,2,0.0,9,100.8
济南,4.346153846153846,12,44,5.294350557137834,1.4743589743589745,1.000000000000002,1,0.0,13,101.6
青岛,3.138888888888889,8,23,3.5129788211576174,1.4444444444444444,2.0000000000000084,2,0.0,9,101.7
郑州,3.3,4,12,2.7505617753561222,1.1,2.999999999999999,3,0.0,5,101.5
武汉,3.138888888888889,8,23,3.512978821157625,1.4444444444444444,2.0000000000000044,2,0.0,9,101.3
长沙,4.378787878787879,11,40,5.088759144250763,1.4393939393939394,1.0000000000000064,1,0.0,12,100.7
南宁,4.346153846153846,12,44,5.29435055713782,1.4743589743589745,1.0000000000000024,1,0.0,13,101.6
海口,3.4285714285714284,6,18,3.253338490774933,1.2857142857142858,3.000000000000001,3,0.0,7,101.0
贵阳,4.346153846153846,12,44,5.294350557137834,1.4743589743589745,1.000000000000001,1,0.0,13,100.2
昆明,4.346153846153846,12,44,5.294350557137834,1.4743589743589745,1.000000000000003,1,0.0,13,100.0
拉萨,2.0,2,5,1.725458553705962,1.0,3.0,2,0.0,3,99.5
西安,4.171428571428572,14,51,5.597488551086207,1.542857142857143,1.000000000000009,1,0.0,15,101.4
兰州,8.99047619047619,14,77,7.768212156091358,1.2952380952380953,8.000000000000014,8,0.0,15,100.9
西宁,3.4285714285714284,7,21,3.4803934030334274,1.3571428571428572,2.999999999999999,3,0.0,8,101.3
银川,5.498751373489162,142,883,24.57484091030776,1.9120966936369994,2.9955133732484422,3,0.0,142,102.1
乌鲁木齐,3.138888888888889,8,23,3.5129788211576183,1.4444444444444444,2.000000000000005,2,0.0,9,101.5
北京,1.5454545454545454,11,18,2.1528320732507242,1.7272727272727273,1.0000000000000089,1,0.0,12,101.4
上海,1.5512820512820513,12,20,2.2637530031818076,1.7435897435897436,1.0000000000000167,1,0.0,13,101.3
南京,2.0,2,3,0.9963106677528506,1.0,2.999999999999999,2,0.0,3,101.5
广州,1.4725274725274726,13,21,2.2580716757487527,1.7692307692307692,1.0000000000000095,1,0.0,14,100.9
深圳,1.4725274725274726,13,21,2.2580716757487496,1.7692307692307692,1.0000000000000087,1,0.0,14,101.3
重庆,1.3333333333333333,8,11,1.4947828221338733,1.6944444444444444,1.0000000000000022,1,0.0,9,100.3
成都,1.5512820512820513,12,20,2.2637530031818076,1.7435897435897436,1.0000000000000098,1,0.0,13,100.4
天津,4.714285714285714,20,81,6.436857717271115,1.6142857142857143,1.9952063296151763,2,0.0,21,102.0
石家庄,6.03030303030303,11,46,5.759099704126019,1.303030303030303,4.0000000000000275,4,0.0,12,101.0
太原,2.378787878787879,11,24,2.577176229871775,1.6363636363636365,1.2318939634034132,2,0.0,12,101.2
呼和浩特,2.6666666666666665,6,13,2.1764893419499765,1.380952380952381,1.6313506281127639,2,0.0,7,101.2
沈阳,1.9281045751633987,17,33,2.759871528242822,1.7843137254901962,1.0000000000000213,1,0.0,18,101.5
大连,2.6666666666666665,6,13,2.221298329108636,1.380952380952381,2.000000000000001,2,0.0,7,101.6
长春,1.378787878787879,11,18,1.8365094319974629,1.7272727272727273,1.000000000000003,1,0.0,12,101.0
哈尔滨,1.4333333333333333,15,27,2.3309627416846164,1.775,1.0000000000000189,1,0.0,16,101.8
杭州,4.181818181818182,22,83,6.2648018158766,1.6719367588932805,1.783615559069304,2,0.0,23,101.2
宁波,5.654545454545454,10,39,5.1263250797629984,1.290909090909091,3.650591774931928,4,0.0,11,102.3
合肥,4.705627705627705,21,81,6.414207674243351,1.6493506493506493,1.663565352539834,2,0.0,22,102.0
福州,2.8,10,25,3.1818046804006452,1.5454545454545454,1.0000000000000044,1,0.0,11,100.0
厦门,3.2,9,24,3.233424011930245,1.4666666666666666,2.000000000000009,2,0.0,10,101.2
南昌,2.0256410256410255,12,23,2.267888690218891,1.705128205128205,1.0000000000000355,1,0.0,13,100.9
济南,5.189473684210526,19,79,6.667353652615231,1.5842105263157895,2.7925313988732774,3,0.0,20,102.0
青岛,6.338095238095238,20,97,7.856152332833177,1.5380952380952382,3.7761314838943343,4,0.0,21,101.8
郑州,3.6231884057971016,23,68,4.429831923648313,1.7536231884057971,1.0000000000000218,1,0.0,24,101.3
武汉,2.249230769230769,25,68,5.188511375001655,1.7907692307692307,1.0000000000000893,1,0.0,26,101.3
长沙,3.2215384615384615,25,80,5.613553571723134,1.7538461538461538,1.067007468751262,2,0.0,26,100.4
南宁,2.4857142857142858,14,32,2.9315538305545568,1.6952380952380952,1.0000000000000318,1,0.0,15,101.7
海口,1.025,15,16,1.4346619443351558,1.8666666666666667,1.0000000000000147,1,0.0,16,100.8
贵阳,3.1691176470588234,16,44,3.96238436933428,1.6764705882352942,1.0000000000000024,1,0.0,17,101.0
昆明,1.65359477124183,17,34,2.696539594915427,1.7777777777777777,1.00000000000005,1,0.0,18,100.9
拉萨,1.0,8,8,0.9799094311519359,1.7777777777777777,0.9999999999999997,1,0.0,9,99.9
西安,1.5233333333333334,24,50,3.421060447216783,1.8333333333333333,1.0000000000000875,1,0.0,25,102.1
兰州,1.6285714285714286,14,24,2.1293770843335884,1.7714285714285714,1.0000000000000464,1,0.0,15,101.4
西宁,1.3333333333333333,8,11,1.4474890478823477,1.6944444444444444,1.0000000000000078,1,0.0,9,101.7
银川,1.8928571428571428,7,12,1.7046737326603492,1.5714285714285714,1.0000000000000075,1,0.0,8,102.3
乌鲁木齐,1.5164835164835164,13,21,2.0299853909507193,1.7692307692307692,1.0000000000000473,1,0.0,14,102.7
北京,1.4946236559139785,30,63,3.704155740474479,1.864516129032258,1.0000000000001301,1,0.0,31,101.5
上海,3.735042735042735,26,95,6.315704483207173,1.7293447293447293,1.5656825781464105,2,0.0,27,101.3
南京,4.119047619047619,20,73,6.1368891013260765,1.6523809523809523,1.4137071564208186,2,0.0,21,101.8
广州,2.6268115942028984,23,64,4.9884194311059895,1.7681159420289856,1.0000000000000566,1,0.0,24,101.6
深圳,3.366013071895425,17,53,4.951376952678763,1.65359477124183,2.000000000000033,2,0.0,18,101.4
重庆,1.9615384615384615,12,22,2.3041592051378754,1.7179487179487178,1.00000000000003,1,0.0,13,100.3
成都,1.355072463768116,23,37,2.608544834626737,1.8659420289855073,1.0000000000001084,1,0.0,24,101.1
天津,5.428571428571429,21,96,7.277660223222987,1.5844155844155845,2.3674025400680447,3,0.0,22,101.5
石家庄,5.233333333333333,15,62,6.364153912789086,1.4833333333333334,1.577819447483554,2,0.0,16,100.8
太原,3.208791208791209,13,35,3.4642140355335447,1.6153846153846154,1.5671922953173079,2,0.0,14,100.6
呼和浩特,3.0,7,17,2.5898354975722944,1.3928571428571428,1.6765957239135276,2,0.0,8,101.1
沈阳,2.9947368421052634,19,52,4.025599749163587,1.7263157894736842,1.0000000000000353,1,0.0,20,101.7
大连,2.9272727272727272,10,26,3.2230845782362825,1.5272727272727273,1.6302561741952584,2,0.0,11,101.4
长春,3.043956043956044,13,34,3.3873104181785556,1.6263736263736264,1.2473639776872203,2,0.0,14,100.6
哈尔滨,1.7076023391812865,18,36,2.8283460470754713,1.7894736842105263,1.00000000000004,1,0.0,19,100.4
杭州,5.610837438423645,28,130,8.338984583767802,1.6798029556650247,2.461597361171176,3,0.0,29,101.2
宁波,6.208791208791209,13,58,6.472288890033224,1.3626373626373627,3.000000000000008,3,0.0,14,102.6
合肥,6.076086956521739,23,110,8.253174639124188,1.6014492753623188,2.5827940039230723,3,0.0,24,101.9
福州,4.2,10,32,4.161696676185192,1.4181818181818182,2.705432134407665,3,0.0,11,100.2
厦门,3.8484848484848486,11,34,4.156633132588166,1.4848484848484849,1.875092936884077,2,0.0,12,101.3
南昌,4.508333333333334,15,53,4.939670778800204,1.5583333333333333,2.28546159152644,3,0.0,16,101.3
济南,6.673684210526316,19,95,7.9819619842931075,1.5,3.638695590912761,4,0.0,20,101.8
青岛,7.926406926406926,21,118,9.143713886269587,1.4891774891774892,3.8670781338071603,5,0.0,22,101.8
郑州,4.683333333333334,24,91,5.9228431022327825,1.6966666666666668,1.6231285224818808,2,0.0,25,101.2
武汉,3.064367816091954,29,92,5.8179872323293775,1.7885057471264367,1.0000000000001015,1,0.0,30,101.7
长沙,4.415384615384616,25,87,5.2773034647444,1.7323076923076923,1.4497533046984892,3,0.0,26,101.1
南宁,2.423076923076923,12,27,2.7596074758408844,1.6538461538461537,1.2073498268142597,2,0.0,13,102.0
海口,1.105263157894737,18,22,1.8450377747737434,1.871345029239766,1.0000000000000093,1,0.0,19,100.7
贵阳,4.171428571428572,14,44,4.047960223303211,1.5809523809523809,1.835176253080959,3,0.0,15,101.1
昆明,1.5735294117647058,16,30,2.3951493009427103,1.7794117647058822,1.0000000000000755,1,0.0,17,101.0
拉萨,1.0,8,8,0.9799094311519359,1.7777777777777777,1.0000000000000004,1,0.0,9,100.8
西安,2.6551724137931036,29,79,4.417886108270665,1.818390804597701,1.0000000000001683,1,0.0,30,101.9
兰州,1.713235294117647,16,32,2.6106905782340424,1.7647058823529411,1.0000000000000233,1,0.0,17,101.3
西宁,1.7142857142857142,7,11,1.6030798211300126,1.6071428571428572,1.0000000000000013,1,0.0,8,101.1
银川,2.1555555555555554,9,18,2.2198680678128473,1.6,1.0000000000000135,1,0.0,10,102.1
乌鲁木齐,1.5166666666666666,15,25,2.254671599901427,1.7916666666666667,1.0000000000000573,1,0.0,16,102.5
北京,2.7525641025641026,39,120,5.6948402290426,1.8461538461538463,1.0000000000002336,1,0.0,40,100.9
上海,4.133633633633633,36,145,7.761362745710338,1.7822822822822824,1.6644858363701391,2,0.0,37,101.2
南京,5.740259740259741,21,95,7.410601050637132,1.5887445887445888,2.374473952111411,3,0.0,22,101.8
广州,3.466666666666667,9,25,3.521676645441224,1.4444444444444444,1.9065784118543927,2,0.0,10,101.5
深圳,2.4615384615384617,12,29,3.322191333830127,1.6282051282051282,1.0000000000000073,1,0.0,13,101.1
重庆,2.2421052631578946,19,45,3.5364129277605025,1.763157894736842,1.0000000000000555,1,0.0,20,100.9
成都,1.713768115942029,23,46,3.428460543919222,1.8333333333333333,1.0000000000000344,1,0.0,24,100.1
天津,4.1454545454545455,10,32,4.33187133553653,1.4181818181818182,2.000000000000011,2,0.0,11,101.6
石家庄,4.763636363636364,10,34,4.480765804695017,1.3818181818181818,1.9363001312877552,2,0.0,11,101.3
太原,1.7575757575757576,11,21,2.173680794509558,1.6818181818181819,1.000000000000015,1,0.0,12,101.3
呼和浩特,1.5714285714285714,6,9,1.5075232011650743,1.5714285714285714,1.0000000000000004,1,0.0,7,101.6
沈阳,1.5947712418300655,17,30,2.507870021714131,1.803921568627451,1.00000000000006,1,0.0,18,101.7
大连,2.533333333333333,5,10,1.9241716050156223,1.3333333333333333,2.0000000000000004,2,0.0,6,101.4
长春,1.3333333333333333,9,13,1.5889246932928105,1.711111111111111,1.0000000000000049,1,0.0,10,100.8
哈尔滨,1.4222222222222223,9,14,1.6902638671223063,1.6888888888888889,1.000000000000005,1,0.0,10,100.5
杭州,3.9558823529411766,16,56,5.153484116287165,1.588235294117647,1.7922656163760555,2,0.0,17,101.3
宁波,4.6,9,30,4.215446468502366,1.3333333333333333,3.0000000000000178,3,0.0,10,102.7
合肥,2.496732026143791,17,43,3.892497695812679,1.7189542483660132,1.0000000000000373,1,0.0,18,102.0
福州,1.8214285714285714,7,12,1.8321854735586014,1.5714285714285714,1.0000000000000029,1,0.0,8,100.8
厦门,2.2,4,7,1.584413339028179,1.3,1.0,1,0.0,5,101.6
南昌,1.1428571428571428,6,7,1.048358573231517,1.6666666666666667,1.0000000000000027,1,0.0,7,101.9
济南,3.425,15,42,3.7584197440916056,1.65,1.5399125651097343,2,0.0,16,102.0
青岛,4.115384615384615,12,38,4.148231612378548,1.5128205128205128,1.7579216786275598,2,0.0,13,102.5
郑州,2.3526315789473684,19,45,3.2426976386934636,1.763157894736842,1.0000000000000382,1,0.0,20,101.7
武汉,1.4052631578947368,19,34,2.8449976462809117,1.8210526315789475,1.0000000000000122,1,0.0,20,101.0
长沙,1.6631578947368422,19,41,3.1232974677338765,1.7842105263157895,1.000000000000085,1,0.0,20,101.6
南宁,1.2820512820512822,12,18,1.7592242963091056,1.7692307692307692,1.0000000000000133,1,0.0,13,102.1
海口,1.0,11,11,1.1421884473842552,1.8333333333333333,1.0,1,0.0,12,101.1
贵阳,3.073529411764706,16,43,3.8032618251302304,1.6838235294117647,1.0000000000000222,1,0.0,17,101.2
昆明,1.6952380952380952,14,26,2.314157461958189,1.7523809523809524,1.000000000000025,1,0.0,15,101.1
拉萨,1.0,8,8,0.9799094311519359,1.7777777777777777,1.0000000000000004,1,0.0,9,101.3
西安,1.4152046783625731,18,32,2.5897967465006233,1.8128654970760234,1.0000000000000542,1,0.0,19,102.5
兰州,1.309090909090909,10,15,1.6196450103525049,1.7272727272727273,1.000000000000004,1,0.0,11,101.5
西宁,1.3333333333333333,6,8,1.2443388841770078,1.619047619047619,1.0000000000000018,1,0.0,7,101.5
银川,1.7,4,6,1.253812041517809,1.4,1.0000000000000016,1,0.0,5,102.0
乌鲁木齐,1.2142857142857142,7,9,1.221648006033328,1.6785714285714286,1.0000000000000009,1,0.0,8,102.5
北京,1.4836601307189543,17,30,2.5980576180205865,1.803921568627451,1.000000000000046,1,0.0,18,101.2
上海,2.457894736842105,19,51,4.111395650047806,1.731578947368421,1.000000000000065,1,0.0,20,101.2
南京,2.7051282051282053,12,30,3.4540534984250573,1.6153846153846154,1.0000000000000038,1,0.0,13,101.9
广州,2.087912087912088,13,28,2.9421033056211097,1.6923076923076923,1.000000000000013,1,0.0,14,101.3
深圳,2.7857142857142856,7,16,2.629387570485927,1.4285714285714286,1.0000000000000018,1,0.0,8,101.4
重庆,1.8571428571428572,6,10,1.5999143189108969,1.5238095238095237,1.0000000000000056,1,0.0,7,101.2
成都,1.1263157894736842,19,25,1.9590362590883938,1.868421052631579,1.0000000000000364,1,0.0,20,100.9
天津,3.9454545454545453,10,31,4.119687285432049,1.4363636363636363,2.0000000000000098,2,0.0,11,101.2
石家庄,4.963636363636364,10,35,4.560637249433072,1.3636363636363635,2.955565016767465,3,0.0,11,101.2
太原,1.7575757575757576,11,21,2.173680794509558,1.6818181818181819,1.0000000000000213,1,0.0,12,101.2
呼和浩特,1.8,5,8,1.5349760129092187,1.4666666666666666,1.0000000000000002,1,0.0,6,101.2
沈阳,1.5947712418300655,17,30,2.5078700217141314,1.803921568627451,1.0000000000000533,1,0.0,18,102.0
大连,2.533333333333333,5,10,1.9241716050156223,1.3333333333333333,2.0000000000000013,2,0.0,6,101.5
长春,1.3333333333333333,9,13,1.5889246932928105,1.711111111111111,1.0000000000000009,1,0.0,10,100.4
哈尔滨,1.4222222222222223,9,14,1.6902638671223063,1.6888888888888889,1.0000000000000147,1,0.0,10,99.7
杭州,3.831578947368421,19,65,5.347773554345521,1.6578947368421053,1.6112339338764192,2,0.0,20,100.8
宁波,4.6,9,30,4.215446468502366,1.3333333333333333,3.0000000000000155,3,0.0,10,102.2
合肥,2.6285714285714286,20,55,4.606821400093506,1.7380952380952381,1.0000000000000195,1,0.0,21,101.8
福州,2.0,8,15,2.2238627742433748,1.5833333333333333,1.0000000000000042,1,0.0,9,100.1
厦门,2.5357142857142856,7,15,2.373250292932707,1.4642857142857142,1.0000000000000053,1,0.0,8,101.4
南昌,1.2777777777777777,8,11,1.388472180351854,1.6944444444444444,1.0000000000000062,1,0.0,9,101.2
济南,3.3916666666666666,15,43,3.923129576343641,1.6416666666666666,1.4994196052518196,2,0.0,16,101.7
青岛,4.064102564102564,12,38,4.203876193342508,1.5128205128205128,1.7014244515735029,2,0.0,13,101.7
郑州,3.051948051948052,21,56,3.702506788103553,1.7575757575757576,1.2422397351284173,2,0.0,22,101.0
武汉,1.5810276679841897,22,45,3.6322490714407345,1.8221343873517786,1.0000000000000193,1,0.0,23,99.0
长沙,1.8421052631578947,19,42,3.1753101078123125,1.7789473684210526,1.000000000000104,1,0.0,20,101.2
南宁,1.6691176470588236,16,32,2.7248910888937203,1.7647058823529411,1.0000000000000158,1,0.0,17,101.3
海口,1.0,11,11,1.1421884473842552,1.8333333333333333,1.0000000000000004,1,0.0,12,100.7
贵阳,3.4836601307189543,17,49,4.094336940874491,1.6797385620915033,1.0000000000000115,1,0.0,18,100.5
昆明,1.3626373626373627,13,21,1.9248742607958835,1.7692307692307692,1.0000000000000115,1,0.0,14,100.8
拉萨,1.0,6,6,0.8676269289008737,1.7142857142857142,1.0000000000000002,1,0.0,7,101.5
西安,1.3801169590643274,18,31,2.5599164206755867,1.8187134502923976,1.0000000000000455,1,0.0,19,101.8
兰州,1.196969696969697,11,15,1.5388553009645918,1.7727272727272727,1.0000000000000124,1,0.0,12,101.2
西宁,1.25,7,9,1.2575607304667444,1.6785714285714286,1.0000000000000062,1,0.0,8,101.6
银川,1.7,4,6,1.253812041517809,1.4,1.0000000000000007,1,0.0,5,101.5
乌鲁木齐,1.2142857142857142,7,9,1.221648006033328,1.6785714285714286,1.0000000000000007,1,0.0,8,101.4
北京,1.4420289855072463,23,44,3.094957078343188,1.8405797101449275,1.000000000000051,1,0.0,24,101.1
上海,3.8300653594771243,17,58,5.198310494939178,1.6209150326797386,1.6887462662214099,2,0.0,18,100.9
南京,3.43859649122807,18,57,5.0617305636626915,1.6666666666666667,1.4697052194138425,2,0.0,19,101.4
广州,2.142857142857143,14,31,3.0848840459512705,1.7047619047619047,1.0000000000000215,1,0.0,15,100.5
深圳,2.0,12,25,2.787552127534205,1.6794871794871795,1.0000000000000147,1,0.0,13,100.7
重庆,1.5714285714285714,6,9,1.4173528271234508,1.5714285714285714,1.000000000000004,1,0.0,7,100.9
成都,1.0909090909090908,21,27,2.0097281395556634,1.8831168831168832,1.000000000000042,1,0.0,22,101.1
天津,3.6666666666666665,9,26,3.7016797889186077,1.4222222222222223,1.8108870470996006,2,0.0,10,100.6
石家庄,4.866666666666666,9,30,4.126422117573292,1.3333333333333333,3.000000000000004,4,0.0,10,100.9
太原,1.5818181818181818,10,17,1.8864259190574035,1.690909090909091,1.0000000000000118,1,0.0,11,100.5
呼和浩特,2.2,4,7,1.5844133390281798,1.3,0.9999999999999994,1,0.0,5,100.2
沈阳,1.4619883040935673,18,32,2.510357611503364,1.8128654970760234,1.0000000000000653,1,0.0,19,101.1
大连,2.7,4,8,1.795317126962805,1.2,2.0,2,0.0,5,100.7
长春,1.3272727272727274,10,14,1.569169214867934,1.7454545454545454,1.000000000000018,1,0.0,11,100.2
哈尔滨,1.2820512820512822,12,18,1.743985179940985,1.7692307692307692,1.000000000000012,1,0.0,13,98.7
杭州,3.5083333333333333,15,47,4.600262124769704,1.6083333333333334,1.7177931814571494,2,0.0,16,100.4
宁波,4.355555555555555,9,29,4.089483263757564,1.3555555555555556,2.0000000000000027,2,0.0,10,101.8
合肥,2.590643274853801,18,45,3.951504984354517,1.736842105263158,1.000000000000043,1,0.0,19,100.9
福州,2.511111111111111,9,20,2.659804489092415,1.5555555555555556,1.0000000000000067,1,0.0,10,99.7
厦门,3.4285714285714284,6,15,2.6431519400065557,1.2857142857142858,2.518805695907997,3,0.0,7,101.1
南昌,1.4166666666666667,8,12,1.5201581785518512,1.6666666666666667,1.0000000000000053,1,0.0,9,100.5
济南,2.8476190476190477,14,36,3.4588272116162684,1.6571428571428573,1.000000000000032,1,0.0,15,101.1
青岛,3.8222222222222224,9,26,3.530514558073472,1.4222222222222223,1.8016115199354512,2,0.0,10,101.0
郑州,2.873684210526316,19,48,3.4585599556120408,1.7473684210526317,1.2225431790056454,2,0.0,20,100.1
武汉,1.3976608187134503,18,32,2.67380235797381,1.8128654970760234,1.0000000000000138,1,0.0,19,97.8
长沙,1.8526315789473684,19,41,3.0444689437020536,1.7842105263157895,1.000000000000083,1,0.0,20,101.0
南宁,1.3516483516483517,13,21,1.9292510697414018,1.7692307692307692,1.0000000000000189,1,0.0,14,100.9
海口,1.0,11,11,1.1421884473842552,1.8333333333333333,0.9999999999999998,1,0.0,12,99.8
贵阳,2.4545454545454546,11,26,2.8071803905386963,1.606060606060606,1.0000000000000053,1,0.0,12,99.7
昆明,1.2380952380952381,14,21,1.8591282779188867,1.8,1.0000000000000122,1,0.0,15,100.0
拉萨,1.0,2,2,0.5796736792348086,1.3333333333333333,0.9999999999999998,1,0.0,3,101.5
西安,1.2745098039215685,17,27,2.2054249346515586,1.8235294117647058,1.0000000000000298,1,0.0,18,100.9
兰州,1.1666666666666667,8,10,1.2459174155905286,1.7222222222222223,1.0000000000000022,1,0.0,9,100.5
西宁,1.0,6,6,0.8676269289008737,1.7142857142857142,1.0,1,0.0,7,100.5
银川,1.6666666666666667,5,8,1.3883915950812205,1.4666666666666666,1.0000000000000018,1,0.0,6,99.5
乌鲁木齐,1.1071428571428572,7,8,1.0827074436452437,1.7142857142857142,1.0000000000000024,1,0.0,8,100.7
北京,1.8205128205128205,12,24,2.5711058221728904,1.6923076923076923,1.0000000000000109,1,0.0,13,100.6
上海,3.120879120879121,13,37,3.9005033447891773,1.5934065934065933,1.5170423863284692,2,0.0,14,100.7
南京,1.989010989010989,13,28,3.1015564286189155,1.6923076923076923,1.0000000000000058,1,0.0,14,100.9
广州,2.533333333333333,14,34,3.5455047546413,1.6761904761904762,1.0000000000000178,1,0.0,15,100.7
深圳,3.0444444444444443,9,23,3.278672276948422,1.488888888888889,1.0000000000000038,1,0.0,10,100.1
重庆,1.5714285714285714,6,9,1.4173528271234503,1.5714285714285714,1.000000000000005,1,0.0,7,99.7
成都,1.1228070175438596,18,24,1.8974382061022288,1.8596491228070176,1.0000000000000475,1,0.0,19,100.0
天津,1.7,4,6,1.2538120415178113,1.4,1.000000000000001,1,0.0,5,99.9
石家庄,1.3,4,5,0.9964805273591636,1.5,1.0000000000000013,1,0.0,5,100.6
太原,1.2,5,6,1.0188341716605753,1.6,1.0000000000000002,1,0.0,6,99.2
呼和浩特,2.1666666666666665,3,5,1.2901694879307581,1.1666666666666667,2.000000000000001,2,0.0,4,99.4
沈阳,1.2435897435897436,12,17,1.6769071886296028,1.7820512820512822,1.0000000000000184,1,0.0,13,100.9
大连,2.0,2,3,0.9963106677528506,1.0,2.999999999999999,2,0.0,3,100.2
长春,1.0,3,3,0.6715602095137525,1.5,0.9999999999999998,1,0.0,4,99.1
哈尔滨,1.0,1,1,0.4337808304830271,1.0,2.0,1,0.0,2,98.3
杭州,2.3333333333333335,9,18,2.1409773025224945,1.6,1.2723775302907812,2,0.0,10,99.8
宁波,1.8,5,8,1.4678581436320481,1.4666666666666666,1.0000000000000036,1,0.0,6,101.5
合肥,1.7179487179487178,12,23,2.20474481003674,1.705128205128205,1.0000000000000302,1,0.0,13,99.6
福州,2.0952380952380953,6,11,1.9359200421505653,1.4761904761904763,1.0000000000000027,1,0.0,7,99.3
厦门,2.7142857142857144,6,13,2.1919446309094353,1.380952380952381,1.4858630706647122,2,0.0,7,100.3
南昌,1.1428571428571428,6,7,1.048358573231517,1.6666666666666667,1.0000000000000009,1,0.0,7,99.7
济南,1.488888888888889,9,15,1.7137741859266424,1.6666666666666667,1.0000000000000127,1,0.0,10,100.4
青岛,2.2,4,7,1.5844133390281798,1.3,1.0000000000000004,1,0.0,5,100.3
郑州,3.0,14,35,3.20995906156328,1.6666666666666667,1.2577409702341233,2,0.0,15,99.7
武汉,1.6282051282051282,12,21,2.0285771153047025,1.7307692307692308,1.0000000000000289,1,0.0,13,97.9
长沙,2.621212121212121,11,25,2.673854837864491,1.621212121212121,1.2534343981515639,2,0.0,12,100.4
南宁,1.5454545454545454,11,19,1.9306348161756564,1.7121212121212122,1.0000000000000244,1,0.0,12,99.6
海口,1.0,9,9,1.0344407754302083,1.8,1.0000000000000013,1,0.0,10,98.7
贵阳,2.963636363636364,10,25,2.828255044555717,1.5454545454545454,1.4453968716403698,2,0.0,11,98.8
昆明,1.3333333333333333,6,8,1.2443388841770058,1.619047619047619,1.0000000000000027,1,0.0,7,98.9
拉萨,1.0,2,2,0.5796736792348086,1.3333333333333333,1.0,1,0.0,3,101.1
西安,1.4722222222222223,8,12,1.648763693854773,1.6666666666666667,1.0000000000000047,1,0.0,9,100.2
兰州,1.2,5,6,1.0188341716605753,1.6,1.0000000000000016,1,0.0,6,100.2
西宁,1.0,4,4,0.7442576395400112,1.6,1.0000000000000002,1,0.0,5,99.8
银川,1.7,4,6,1.253812041517809,1.4,1.0000000000000007,1,0.0,5,98.4
乌鲁木齐,1.0,3,3,0.6715602095137525,1.5,1.0,1,0.0,4,99.4
北京,1.5,3,4,0.9857443430533758,1.3333333333333333,1.0000000000000002,1,0.0,4,99.9
上海,1.7,4,6,1.253812041517809,1.4,1.0000000000000022,1,0.0,5,100.3
南京,1.0,5,5,0.8082114824928227,1.6666666666666667,0.9999999999999996,1,0.0,6,100.1
广州,2.1083333333333334,15,31,2.7175157211714867,1.7416666666666667,1.000000000000031,1,0.0,16,100.1
深圳,2.2857142857142856,7,14,2.204290407175963,1.5,1.0000000000000013,1,0.0,8,99.4
重庆,2.0555555555555554,8,15,2.0666107530247904,1.5833333333333333,1.0000000000000064,1,0.0,9,98.2
成都,1.8263157894736841,19,37,2.7495922688005985,1.805263157894737,1.0000000000000613,1,0.0,20,98.7
天津,2.0952380952380953,6,11,1.9359200421505665,1.4761904761904763,1.0000000000000027,1,0.0,7,99.4
石家庄,2.0952380952380953,0,11,1.9359200421505665,1.4761904761904763,1.0000000000000007,1,0.0,7,100.9
太原,1.5833333333333333,8,13,1.6640079330277404,1.6388888888888888,1.00000000000001,1,0.0,9,99.4
呼和浩特,2.2,4,7,1.5844133390281798,1.3,0.9999999999999996,1,0.0,5,99.0
沈阳,1.0,3,3,0.6715602095137525,1.5,1.0,1,0.0,4,100.1
大连,1.0,0,3,0.6715602095137525,1.5,1.0,1,0.0,4,99.7
长春,1.0,5,5,0.8082114824928227,1.6666666666666667,0.9999999999999999,1,0.0,6,98.8
哈尔滨,1.3333333333333333,6,8,1.2443388841770062,1.619047619047619,1.000000000000005,1,0.0,7,98.6
杭州,3.6373626373626373,13,40,4.252654701646369,1.5604395604395604,1.7754142785373888,2,0.0,14,99.3
宁波,4.155555555555556,9,28,3.8835693929215807,1.3777777777777778,1.9679539388703062,2,0.0,10,100.9
合肥,1.8235294117647058,16,32,2.8329365760875618,1.7647058823529411,1.0000000000000102,1,0.0,17,99.5
福州,1.8214285714285714,7,12,1.8321854735586014,1.5714285714285714,1.0000000000000024,1,0.0,8,98.9
厦门,2.2,4,7,1.584413339028179,1.3,1.0000000000000009,1,0.0,5,100.1
南昌,1.2142857142857142,7,9,1.2216480060333264,1.6785714285714286,1.0000000000000009,1,0.0,8,100.2
济南,3.131868131868132,13,35,3.4869704313897305,1.6153846153846154,1.3177313816895855,2,0.0,14,99.3
青岛,3.8222222222222224,9,26,3.530514558073472,1.4222222222222223,1.8016115199354539,2,0.0,10,99.8
郑州,2.735294117647059,16,38,3.062548754633974,1.7205882352941178,1.2329588200574086,2,0.0,17,99.8
武汉,1.161904761904762,14,19,1.7082682547099637,1.819047619047619,1.0000000000000164,1,0.0,15,98.5
长沙,1.5166666666666666,15,27,2.265594687642484,1.775,1.0000000000000515,1,0.0,16,100.4
南宁,1.2820512820512822,12,18,1.7592242963091056,1.7692307692307692,1.0000000000000095,1,0.0,13,99.5
海口,1.0,11,11,1.1421884473842552,1.8333333333333333,1.0,1,0.0,12,97.7
贵阳,2.208791208791209,13,29,2.8465891916826886,1.6813186813186813,1.00000000000001,1,0.0,14,98.8
昆明,1.196969696969697,11,15,1.5388553009645893,1.7727272727272727,1.0000000000000084,1,0.0,12,99.1
拉萨,1.0,4,4,0.7442576395400112,1.6,1.0000000000000007,1,0.0,5,100.7
西安,1.1818181818181819,10,13,1.429188417710796,1.7636363636363637,1.0000000000000118,1,0.0,11,100.4
兰州,1.1666666666666667,8,10,1.2459174155905293,1.7222222222222223,1.0000000000000004,1,0.0,9,100.5
西宁,1.0,5,5,0.8082114824928227,1.6666666666666667,1.0000000000000002,1,0.0,6,100.0
银川,1.3,4,5,0.9964805273591643,1.5,1.0000000000000007,1,0.0,5,99.1
乌鲁木齐,1.0,2,2,0.5796736792348086,1.3333333333333333,1.0,1,0.0,3,99.3
北京,2.1666666666666665,3,5,1.2901694879307595,1.1666666666666667,2.0,2,0.0,4,99.2
上海,3.3454545454545452,10,28,3.5756233604685628,1.490909090909091,1.2560292772748425,2,0.0,11,99.8
南京,2.448717948717949,12,28,3.2167710861123986,1.641025641025641,1.0000000000000093,1,0.0,13,100.4
广州,2.1868131868131866,13,29,3.045754316880873,1.6813186813186813,1.000000000000015,1,0.0,14,99.3
深圳,3.761904761904762,6,16,2.8793039722264813,1.2380952380952381,2.6972243622680083,3,0.0,7,97.7
重庆,1.8,5,8,1.4337098822960024,1.4666666666666666,1.000000000000003,1,0.0,6,99.0
成都,1.0955882352941178,16,20,1.6978007868504392,1.8529411764705883,1.0000000000000449,1,0.0,17,98.6
天津,4.333333333333333,8,25,3.820100381790707,1.3055555555555556,2.763932022500218,3,0.0,9,99.8
石家庄,4.866666666666666,9,30,4.126422117573292,1.3333333333333333,3.0000000000000053,4,0.0,10,100.1
太原,1.6727272727272726,10,18,1.966071564173734,1.6727272727272726,1.0000000000000093,1,0.0,11,100.5
呼和浩特,2.1333333333333333,5,9,1.7284825366214396,1.4,1.000000000000001,1,0.0,6,99.1
沈阳,1.35,15,22,1.939120031611649,1.8166666666666667,1.0000000000000413,1,0.0,16,100.7
大连,2.1666666666666665,3,5,1.2901694879307595,1.1666666666666667,2.000000000000001,2,0.0,4,100.2
长春,1.0,8,8,0.9799094311519359,1.7777777777777777,0.9999999999999996,1,0.0,9,99.9
哈尔滨,1.1944444444444444,8,10,1.278200770235086,1.7222222222222223,1.0000000000000056,1,0.0,9,100.2
杭州,3.5661764705882355,16,50,4.635299480639527,1.6323529411764706,1.000000000000009,1,0.0,17,99.9
宁波,4.355555555555555,9,29,4.089483263757564,1.3555555555555556,2.000000000000003,2,0.0,10,101.0
合肥,1.8529411764705883,16,33,2.7089854161111506,1.7573529411764706,1.0000000000000744,1,0.0,17,100.2
福州,2.2857142857142856,7,14,2.2697038368948688,1.5,1.000000000000001,1,0.0,8,99.4
厦门,3.0476190476190474,6,14,2.4385968000008913,1.3333333333333333,1.7639320225002133,2,0.0,7,100.2
南昌,1.3888888888888888,8,12,1.5155106801038312,1.6666666666666667,1.0000000000000042,1,0.0,9,100.5
济南,2.8380952380952382,14,36,3.3153040125448934,1.6571428571428573,1.29988137890297,2,0.0,15,99.3
青岛,3.6222222222222222,9,25,3.3338327001964085,1.4444444444444444,1.8011202106062945,2,0.0,10,100.0
郑州,2.3684210526315788,18,40,3.0189047506213766,1.7660818713450293,1.0000000000000475,1,0.0,19,100.2
武汉,1.130718954248366,17,23,1.8609237700124406,1.8496732026143792,1.0000000000000093,1,0.0,18,99.7
长沙,1.5947368421052632,19,37,2.6361562901368676,1.805263157894737,1.0000000000001097,1,0.0,20,100.4
南宁,1.3516483516483517,13,21,1.9292510697414043,1.7692307692307692,1.0000000000000169,1,0.0,14,100.4
海口,1.0,13,13,1.249269910546066,1.8571428571428572,1.0000000000000004,1,0.0,14,98.5
贵阳,2.3333333333333335,11,25,2.6946993562994153,1.621212121212121,1.0000000000000067,1,0.0,12,99.8
昆明,1.3333333333333333,11,17,1.7445010712809292,1.7424242424242424,1.000000000000008,1,0.0,12,100.2
拉萨,1.0,4,4,0.7442576395400112,1.6,0.9999999999999994,1,0.0,5,102.0
西安,1.1238095238095238,14,18,1.6265679486060918,1.8285714285714285,1.0000000000000233,1,0.0,15,100.7
兰州,1.0833333333333333,8,9,1.1205130258188538,1.75,1.0000000000000004,1,0.0,9,101.0
西宁,1.0,6,6,0.8676269289008737,1.7142857142857142,1.0,1,0.0,7,100.9
银川,1.7,4,6,1.253812041517809,1.4,1.000000000000002,1,0.0,5,99.9
乌鲁木齐,1.1071428571428572,7,8,1.0827074436452437,1.7142857142857142,1.0000000000000004,1,0.0,8,100.6
北京,1.625,15,27,2.6784079466662063,1.775,1.0000000000000173,1,0.0,16,100.2
上海,2.933333333333333,14,40,4.024060419968836,1.619047619047619,1.0000000000000158,1,0.0,15,100.1
南京,2.441666666666667,15,38,3.7028699158921254,1.6833333333333333,1.0000000000000229,1,0.0,16,100.6
广州,2.2333333333333334,15,35,3.321591623295176,1.7083333333333333,1.0000000000000095,1,0.0,16,101.4
深圳,2.3181818181818183,11,25,2.96477939789042,1.621212121212121,1.0000000000000093,1,0.0,12,99.4
重庆,1.2,5,6,1.0188341716605764,1.6,1.000000000000002,1,0.0,6,99.5
成都,1.0909090909090908,11,13,1.344201369848973,1.803030303030303,1.000000000000001,1,0.0,12,99.5
天津,4.607142857142857,7,22,3.7036736285910776,1.2142857142857142,3.0000000000000058,3,0.0,8,99.6
石家庄,4.866666666666666,9,30,4.126422117573292,1.3333333333333333,3.000000000000007,4,0.0,10,99.4
太原,1.5818181818181818,10,17,1.8864259190574033,1.690909090909091,1.000000000000012,1,0.0,11,99.7
呼和浩特,1.8,5,8,1.5349760129092187,1.4666666666666666,1.0000000000000007,1,0.0,6,99.5
沈阳,1.463235294117647,16,25,2.1025626323546724,1.8161764705882353,1.0000000000000777,1,0.0,17,99.8
大连,2.2,4,7,1.5080141552349062,1.3,2.0000000000000004,2,0.0,5,99.8
长春,1.2222222222222223,9,12,1.4061033756901262,1.7333333333333334,1.0000000000000044,1,0.0,10,99.0
哈尔滨,1.2777777777777777,8,11,1.3884721803518607,1.6944444444444444,1.0000000000000053,1,0.0,9,98.8
杭州,3.857142857142857,14,46,4.638740524953203,1.561904761904762,1.805990010524595,2,0.0,15,99.3
宁波,4.355555555555555,9,29,4.089483263757564,1.3555555555555556,2.0000000000000004,2,0.0,10,100.3
合肥,1.5714285714285714,14,25,2.3194369104042667,1.7619047619047619,1.0000000000000373,1,0.0,15,99.3
福州,1.8214285714285714,7,12,1.8321854735586014,1.5714285714285714,1.0000000000000036,1,0.0,8,99.2
厦门,2.2,4,7,1.584413339028179,1.3,1.0000000000000004,1,0.0,5,99.2
南昌,1.1428571428571428,6,7,1.048358573231517,1.6666666666666667,1.0000000000000024,1,0.0,7,99.9
济南,2.619047619047619,14,35,3.266248384552435,1.6666666666666667,1.2569973190334776,2,0.0,15,98.4
青岛,3.6222222222222222,9,25,3.3338327001964085,1.4444444444444444,1.8011202106062938,2,0.0,10,98.9
郑州,2.4901960784313726,17,37,2.895797888410308,1.7581699346405228,1.0000000000000624,1,0.0,18,99.4
武汉,1.1764705882352942,16,23,1.8956404857375062,1.8308823529411764,1.0000000000000073,1,0.0,17,98.8
长沙,1.4678362573099415,18,34,2.5145916888893525,1.8011695906432748,1.0000000000000355,1,0.0,19,99.4
南宁,1.2820512820512822,12,18,1.7592242963091056,1.7692307692307692,1.0000000000000053,1,0.0,13,99.8
海口,1.0,11,11,1.1421884473842552,1.8333333333333333,1.0000000000000004,1,0.0,12,98.0
贵阳,2.227272727272727,11,24,2.554767357274312,1.6363636363636365,1.0000000000000107,1,0.0,12,99.2
昆明,1.2179487179487178,12,17,1.6560361662660215,1.7820512820512822,1.0000000000000098,1,0.0,13,100.5
拉萨,1.0,4,4,0.7442576395400112,1.6,1.0000000000000002,1,0.0,5,101.5
西安,1.1238095238095238,14,18,1.6265679486060918,1.8285714285714285,1.0000000000000346,1,0.0,15,100.1
兰州,1.1428571428571428,6,7,1.0483585732315168,1.6666666666666667,1.000000000000001,1,0.0,7,100.5
西宁,1.0,5,5,0.8082114824928227,1.6666666666666667,0.9999999999999999,1,0.0,6,100.6
银川,1.3,4,5,0.9964805273591643,1.5,1.0000000000000009,1,0.0,5,99.6
乌鲁木齐,1.0,5,5,0.8082114824928227,1.6666666666666667,1.0000000000000007,1,0.0,6,99.8
北京,1.5604395604395604,13,22,2.283426855500305,1.7582417582417582,1.0000000000000264,1,0.0,14,100.2
上海,2.4545454545454546,10,23,2.8493530674071117,1.5818181818181818,1.0000000000000038,1,0.0,11,99.9
南京,1.5272727272727273,10,16,1.9554282239841985,1.709090909090909,1.0000000000000042,1,0.0,11,99.7
广州,2.128205128205128,12,26,2.883878018463942,1.6666666666666667,1.0000000000000135,1,0.0,13,100.8
深圳,2.388888888888889,8,17,2.5323969971495783,1.5277777777777777,1.0000000000000058,1,0.0,9,98.7
重庆,1.8,5,8,1.4337098822960024,1.4666666666666666,1.0000000000000027,1,0.0,6,99.4
成都,1.0760233918128654,18,22,1.7759506844964927,1.871345029239766,1.000000000000059,1,0.0,19,98.7
天津,3.758241758241758,13,41,4.5848161482112895,1.5494505494505495,2.000000000000022,2,0.0,14,100.5
石家庄,4.9818181818181815,10,35,4.5880580720063335,1.3636363636363635,2.811543994089847,3,0.0,11,100.8
太原,2.212121212121212,11,22,2.293241561200026,1.6666666666666667,1.146522452348163,2,0.0,12,100.4
呼和浩特,1.5714285714285714,6,9,1.5075232011650743,1.5714285714285714,1.0,1,0.0,7,100.4
沈阳,1.5947712418300655,17,30,2.5078700217141248,1.803921568627451,1.000000000000069,1,0.0,18,100.6
大连,2.533333333333333,5,10,1.9241716050156223,1.3333333333333333,2.0000000000000013,2,0.0,6,100.8
长春,1.2272727272727273,11,15,1.6139343737667757,1.7727272727272727,1.0000000000000044,1,0.0,12,100.3
哈尔滨,1.3454545454545455,10,15,1.6941129264868204,1.7272727272727273,1.0000000000000102,1,0.0,11,99.2
杭州,4.029239766081871,18,63,5.348835926418809,1.631578947368421,1.6881728053288438,2,0.0,19,100.3
宁波,4.6,9,30,4.215446468502366,1.3333333333333333,3.000000000000017,3,0.0,10,100.7
合肥,2.236842105263158,19,47,3.9068868588746835,1.7526315789473683,1.0000000000000675,1,0.0,20,100.4
福州,1.8214285714285714,7,12,1.8321854735586014,1.5714285714285714,1.0000000000000024,1,0.0,8,101.2
厦门,2.7,4,8,1.7953171269628072,1.2,2.0000000000000013,2,0.0,5,100.2
南昌,1.2777777777777777,8,11,1.388472180351854,1.6944444444444444,1.000000000000005,1,0.0,9,101.0
济南,3.683333333333333,15,44,3.8306584775985333,1.6333333333333333,1.6473355415873268,3,0.0,16,100.0
青岛,3.757575757575758,11,33,3.875142671616298,1.5,1.789157193355144,2,0.0,12,100.4
郑州,2.9904761904761905,20,51,3.5710205016533454,1.7571428571428571,1.3788119392640903,2,0.0,21,100.4
武汉,1.3904761904761904,20,36,2.891186152140149,1.8285714285714285,1.0000000000000313,1,0.0,21,99.6
长沙,2.5631578947368423,19,46,3.518159928119235,1.7578947368421052,1.0000000000001328,1,0.0,20,100.6
南宁,1.4476190476190476,14,24,2.079078319861579,1.7714285714285714,1.0000000000000497,1,0.0,15,100.7
海口,1.0,11,11,1.1421884473842552,1.8333333333333333,1.0000000000000004,1,0.0,12,100.5
贵阳,2.6923076923076925,12,29,2.9017810497676115,1.6282051282051282,1.3143153205690403,2,0.0,13,100.4
昆明,1.2747252747252746,13,20,1.838776099496107,1.7802197802197801,1.0000000000000058,1,0.0,14,102.3
拉萨,1.0,8,8,0.9799094311519359,1.7777777777777777,1.0,1,0.0,9,102.0
西安,1.3986928104575163,17,29,2.500022256780646,1.8104575163398693,1.0000000000000577,1,0.0,18,100.6
兰州,1.1523809523809523,14,19,1.6923538594460186,1.819047619047619,1.0000000000000175,1,0.0,15,101.3
西宁,1.3333333333333333,6,8,1.2443388841770078,1.619047619047619,1.0000000000000018,1,0.0,7,101.7
银川,1.4666666666666666,5,7,1.2414669498507624,1.5333333333333334,1.000000000000003,1,0.0,6,101.1
乌鲁木齐,1.2142857142857142,7,9,1.221648006033328,1.6785714285714286,1.0000000000000044,1,0.0,8,100.1
北京,1.5523809523809524,20,37,2.9786761177721086,1.8238095238095238,1.000000000000012,1,0.0,21,100.9
上海,2.5073529411764706,16,43,3.9472272956831254,1.6838235294117647,1.00000000000004,1,0.0,17,100.3
南京,2.441666666666667,15,38,3.7028699158921308,1.6833333333333333,1.000000000000029,1,0.0,16,100.3
广州,2.1029411764705883,16,34,3.113271361098143,1.75,1.0000000000000244,1,0.0,17,101.6
深圳,2.0256410256410255,12,25,2.7687582956090773,1.6794871794871795,1.000000000000016,1,0.0,13,99.9
重庆,1.8,5,8,1.4337098822960024,1.4666666666666666,1.0000000000000042,1,0.0,6,100.5
成都,1.0692640692640694,21,26,1.9507275393833994,1.8874458874458875,1.000000000000025,1,0.0,22,99.8
