,段起点,段止点,w
9682,高科中路 ,李冰路,0.2607798584449842
9683,李冰路,蔡伦路,0.2621080188947698
9684,蔡伦路,张衡路,0.26771383202437665
9685,高科中路  ,李冰路,0.25
9686,李冰路,蔡伦路 ,0.25
9687,蔡伦路,张衡路,0.2543004587155963
9688,张衡路,高科路,0.3168087629157021
9689,惠南黄家路,振欣路,0.0
9690,南浦服装厂,马五公路,0.0
9691,振欣路,文卫路,0.0
9692,环林西路,东明路,1.0
9693,东明路,环林东路,1.0
9694,杨高中路,蓝天路,0.4801223241590214
9695,蓝天路,碧云路,0.3
9696,碧云路,明月路,0.3119398670135877
9697,明月路,锦绣东路,0.3236842105263158
9698,博成路,世博大道,0.4135567402894136
9699,国展路,博成路,0.25
9700,兰谷路,兰嵩路,0.4119601328903654
9701,兰嵩路,张杨北路,0.39268680445151033
9702,芳芯路,高科西路,0.26666666666666666
9703,芳华路,芳草路,0.26666666666666666
9704,芳草路,芳芯路,0.26666666666666666
9705,花木路,梅花路,0.2567009575339052
9706,梅花路,樱花路,0.29476331360946745
9707,樱花路,杜鹃路,0.2654004194301887
9708,杜鹃路,龙阳路,0.04578682016981674
9709,龙阳路,龙汇路,0.0
9710,龙汇路,芳华路,0.0
9711,滨江大道,陆家嘴环路,0.3959428043692876
9712,金亭路,祝城路,0.09657523129362117
9713,祝城路,百熙桥,0.1250162781612189
9714,海科路,华夏中路,0.11309830897105187
9715,浦三路,新浦支路,0.3326802695082907
9716,云台路,杨高南路,0.36036669115533265
9717,浦三路,新浦路,0.3326802695082907
9718,长清路,灵岩南路,0.4
9719,东后老街,新场大街,0.0
9720,东后老街,后心港,0.0
9721,地平桥,东后老街,0.25198337740838683
9722,包桥街,15弄9号,0.0
9723,后心港,石笋街,0.0
9724,后治河,奉新公路,0.0
9725,川沙南桥路,学北路,0.3684473290064903
9726,学北路,川环南路,0.3684461391801716
9727,西泥路,三灶浜路,0.0
9728,车站路,操场街,0.677713590757069
9729,操场街,北市街,0.37500000000000006
9730,北市街,西泥路,0.0
9731,玉泉街,杨思港,0.0
9732,人民西路,十字街,0.5079718490083174
9733,惠北桥,人民西路,0.4327485380116959
9734,惠北桥,民俗村,0.2188921155005205
9735,王桥街,华夏东路,0.0
9736,北城壕路,三灶浜路,0.4894259818731118
9737,西市街,场署街,0.49899653347929207
9738,场署街,中市街、乔家浜路,0.4547354526454735
9739,中市街、乔家浜路,乔港路,0.45489199491740784
9740,乔港路,新川路,0.4617472215042647
9741,三灶浜路,西市街,0.513455711994297
9742,华夏东路,北市街,0.40697944040810013
9743,建筑工地,欧高路,0.0
9744,上港二区,浦东大道,0.32511100148001976
9745,浦东大道,定水浜,0.0
9746,定水浜,洋泾镇,0.0
9747,浴室路,康沈路,0.0
9748,椿樟街,浴室路,0.0
9749,椿樟街,新村弄,0.0
9750,东方路,临沂北路,0.38758342212999836
9751,环龙路,东方路,0.3
9752,三泉花园,南泉路,0.6759148529060034
9753,南泉路,浦东南路,0.9275662251655629
9754,浦东南路,浦明路,0.0
9755,笔化厂,康沈路,0.29030284490669933
9756,张衡路,科苑路,0.42857142857142855
9757,松涛路,春晓路,0.1971738606221365
9758,春晓路,祖冲之路,0.18155066530194472
9759,科苑路,松涛路,0.3187435633367662
9760,祖冲之路,晨晖路,0.2352630187681734
9761,晨晖路,高科中路,0.2595392688784132
9762,金科路,紫竹路,0.2788288910371496
9763,紫竹路,金桥路,0.2956658561007009
9764,红枫路,黄杨路,0.16929547844374343
9765,黄杨路,蓝桉路,0.32854420172995163
9766,蓝桉路,云山路,0.29242661108216084
9767,云山路,白桦路,0.21542061830274664
9768,白桦路,黑松路,0.2
9769,沂林路,高科西路,0.375
9770,高科西路,云台路,0.3750953761635892
9771,高科西路,莲园路,0.26968453449602464
9772,陈春路,杨莲路,0.22191037960232138
9773,莲园路,成山路,0.2697461768879079
9774,德平路,万德路,0.4283251231527094
9775,金桥路,枣庄路,0.3626066718386346
9776,枣庄路,云山路,0.39378355895031386
9777,云山路,居家桥路,0.3931939718035975
9778,居家桥路,龙居路,0.35397279885468863
9779,龙居路,德平路,0.4244824942499361
9780,万德路,罗山路,0.39463322152544844
9781,罗山路,崮山路,0.3877551020408163
9782,北洋泾路,苗圃路,0.2646749421418052
9783,崮山路,北洋泾路,0.38780224857538886
9784,归昌路,凌河路,0.3911839094303264
9785,凌河路,东陆路,0.43128140703517587
9786,东陆路,牟平路,0.38711947914833716
9787,荷泽路,台儿庄路,0.41997606354042
9788,台儿庄路,张杨北路,0.2787557270315891
9789,张杨北路,柳埠路,0.3625798954096456
9790,柳埠路,兰城路,0.36562911003945636
9791,兰城路,长岛路,0.36909040641415536
9792,牟平路,荷泽路,0.42441377016464327
9793,长岛路,莱阳路,0.3020439061317184
9794,金科路,李冰路,0.27759454705364994
9795,李冰路,哈雷路,0.155320813771518
9796,哈雷路,爱迪生路,0.16915292107511337
9797,爱迪生路,哥白尼路,0.2417293462973155
9798,金科路,三星河桥,0.23781274181067835
9799,三星河桥,华佗路,0.3174135390482794
9800,华佗路,长浜桥,0.2684087916540059
9801,长浜桥,科苑路,0.21091474072635463
9802,科苑路,达尔文路,0.26233805137422306
9803,达尔文路,三八河,0.26618136012772253
9804,北城壕路,三灶浜路,0.0
9805,三灶浜路,场署街,0.0
9806,浦三路,南码头路,0.460036832412523
9807,南码头路,邹平路,0.41581496226751435
9808,邹平路,东明路,0.43296597987541924
9809,东明路,云莲路,0.4366533864541833
9810,云莲路,云台路,0.4606877304063483
9811,历城路,长清路,0.33660505206516866
9812,上南路,历城路,0.28550551945862096
9813,云台路,洪山路,0.415512844436151
9814,洪山路,上南路,0.4572180019491876
9815,福山路,东方路,0.3333333333333333
9816,东方路,荣成路,0.3684210526315789
9817,荣成路,即墨路,0.48148528958152786
9818,民生路,苗圃路,0.244080350129054
9819,桃林路,民生路,0.34988414432307186
9820,华开路,桃林路,0.3146537842190016
9821,福山路,源深路,0.5178571428571429
9822,源深路,华开路,0.3573424402359516
9823,苗圃路,歇浦路,0.7739300584742099
9824,歇浦路,罗山路,0.3333333333333333
9825,东陆路,牟平路,0.5262455516014235
9826,台儿庄路,平度路,0.3999354074712025
9827,柳埠路,兰城路,0.4013881868025042
9828,兰城路,博兴路,0.4188140083565093
9829,牟平路,荷泽路,0.4477594532179431
9830,荷泽路,台儿庄路,0.45589047145854034
9831,平度路,张杨北路,0.3702984712448435
9832,张杨北路,柳埠路,0.3988230639897142
9833,丁香路,迎春路,0.31835879005690326
9834,迎春路,锦绣路,0.33333333333333326
9835,耀华路,昌里路,0.2548897998699079
9836,昌里路,成山路,0.2778496598355524
9837,成山路,德州路,0.3055555555555556
9838,德州路,川杨河,0.25646794150731156
9839,世博大道,博成路,0.3125
9840,博成路,国展路,0.3125
9841,国展路,雪野二路,0.3125
9842,华夏西路,上浦路,0.34782608695652173
9843,凌兆路,三林路,0.34782608695652173
9844,上浦路,凌兆路,0.3314191960623462
9845,华城广场,杨思路,0.5
9846,杨思路,海阳路,0.24241063913360641
9847,海阳路,华夏西路,0.24242424242424243
9848,中市街,操场街,0.0
9849,操场街,乔家弄,0.0
9850,乔家弄,北市街,0.0
9851,东亭路,江明路,0.46246973365617433
9852,江明路,川南奉公路,0.4463750748951468
9853,朝晖新村,牌楼东路,0.0
9854,永春东路,原车站村委会,0.0
9855,车站桥,永春东路,0.0
9856,沪南公路,胡兰桥,0.0
9857,新场大街５１２弄,车站路１１弄,0.0
9858,沪南公路,马路港,0.0
9859,石家街,高桥西街,0.0
9860,藿香路,科苑路,0.32744199318720907
9861,科苑路,松涛路,0.321048632218845
9862,松涛路,碧波路,0.32530264415418925
9863,金科路,藿香路,0.287766960654987
9864,碧波路,景明路,0.28759849747225125
9865,杨高南路,浦三路,0.22006472491909385
9866,浦三路,经一路,0.26277372262773724
9867,经一路,经二路,0.26011560693641617
9868,经二路,六里路,0.26129032258064516
9869,六里路,下南路,0.25673534072900156
9870,下南路,锦绣路,0.24060150375939848
9871,锦绣路,博华路,0.2608695652173913
9872,长清路,西营路,0.295
9873,上南路,灵岩路,0.21921267640505074
9874,灵岩路,长清路,0.2052980132450331
9875,杨高南路,邹平路,0.11661886283111186
9876,邹平路,东明路,0.19998402258141826
9877,东明路,云莲路,0.24457308248914617
9878,云莲路,云台路,0.20798749595774493
9879,云台路,洪山路,0.20841487279843443
9880,洪山路,上南路,0.20912155834425922
9881,华夏二路,妙境路,0.0
9882,中山路,卫星西路,0.38572542901716067
9883,西门大街,向阳西路,0.43075842696629213
9884,向阳西路,中山路,0.38688981868898187
9885,人民西路,西门大街,0.38946523757666074
9886,人民西路,惠南西门路,0.3956043956043956
9887,惠南西门路,卫星河北岸向北60M,0.34912812369896307
9888,文化路,人民西路,0.37461436111882795
9889,拱极路,文化路,0.36250504924960386
9890,环林西路,金谊河,0.42635115636723425
9891,海科路,环科路,0.2857142857142857
9892,上科路,海科路,0.24999630969075207
9893,学北路,川环南路,0.3
9894,太平桥,川沙曙光路,0.0
9895,川沙曙光路,川黄路,0.1365441906653426
9896,川黄路,保健路,0.17945420774396342
9897,保健路,川沙路,0.1849768778902637
9898,艳阳路,妙境路,0.18181818181818182
9899,妙境路,界龙一路,0.23669707335613835
9900,界龙一路,华夏二路,0.27348286462484345
9901,华夏二路,华东路,0.2499551730320961
9902,川沙路,艳阳路,0.2
9903,川沙城南路,川沙南桥路,0.36
9904,新川路,川沙城南路,0.26666666666666666
9905,川沙南桥路,学北路,0.33333333333333337
9906,学北路,川环南路,0.38708579210167954
9907,施镇河桥,施新路,0.3564287375029063
9908,施新路,施新二路,0.7439977369965701
9909,施新二路,施新三路,0.35377192269117125
9910,施新二路,施新三路,0.3234709910764578
9911,施新三路,闻居路南130米,0.3015174486469081
9912,施镇河桥北,施新路,0.14230998517549368
9913,施新路,施新三路,0.17592990876366846
9914,金港路,金湘路,0.22537062732783175
9915,金沪路,金桥路,0.21333903377511756
9916,金滇路,金沪路,0.2373099716567895
9917,金豫路,金港路,0.2358599804043823
9918,申江路,金豫路,0.20950533462657614
9919,唐陆公路,申江路,0.21428571428571427
9920,金穗路,金苏路,0.31670335045243336
9921,金湘路,金滇路,0.23255813953488372
9922,东河浜路,操场街,0.0
9923,北城壕路,公安支路,0.0
9924,华夏东路,东河浜路,0.0
9925,曙光北路,川黄路,0.4986276303751144
9926,川黄路,临园路,0.511677525050482
9927,临园路,川沙路,0.5502634779083908
9928,川沙路,进贤路,0.507164759404373
9929,进贤路,妙境路,0.4536606009310199
9930,川沙路,民贤路,0.47438005047581566
9931,民贤路,进贤路,0.49460102489019037
9932,进贤路,妙境路,0.4844517184942717
9933,运河,护塘街,0.0
9934,护塘街,东门外街,0.0
9935,东门外街,东河浜路,0.0
9936,东河浜路,东城壕路,0.0
9937,护塘街西,川沙曙光路,0.5222151916146249
9938,川沙曙光路,川黄路,0.5213534047472984
9939,川黄路,保健路,0.5523514066135514
9940,保健路,川沙路,0.5153658304525705
9941,川沙路,妙境路,0.37317956126803836
9942,妙境路,华城路,0.43210098378329814
9943,华城路,华夏二路,0.43191278493557983
9944,川沙南桥路,学北路,0.29411764705882354
9945,学北路,川环南路,0.29420962109761817
9946,绣川路,平川路,0.3299233849904231
9947,进贤路,妙境路,0.4316033185413853
9948,西河浜路,川沙路,0.0
9949,华夏一路,华夏二路,0.41672088484059855
9950,临河小区,华夏一路,0.41662859753312015
9951,年家浜路,汇丽路,0.2744656917885265
9952,集市贸易市场,川南奉公路,0.0
9953,川南奉公路,机械厂,0.0
9954,踵荣路,治龙路,0.0
9955,环南一大道,周川公路,0.0
9956,周川公路,拯安路,0.0
9957,拯安路,踵荣路,0.0
9958,溪兰路,高城路,0.3924231593995711
9959,高城路,莱阳路,0.39223454833597465
9960,莱阳路,张杨北路,0.3924812030075188
9961,航津路,高城路,0.3921259842519685
9962,张杨北路,黑白交界,0.4
9963,高城路,溪兰路,0.3925035360678925
9964,碧波路,景明路,0.3176316901679026
9965,松涛路,碧波路,0.34190321589961825
9966,科苑路,松涛路,0.3288666818078583
9967,环林西路,金谊河,0.40226177099568666
9968,泰环路,环林西路,0.4375
9969,高荷路,高城路,0.5192307692307693
9970,高城路,溪兰路,0.5191740412979351
9971,溪兰路,高城路,0.5190930787589498
9972,高城路,莱阳路,0.5193992490613266
9973,莱阳路,张杨北路,0.5190930787589498
9974,中大街,年家浜路,0.0
9975,大同路,石家街,0.3569230769230769
9976,金科路,银柳路,0.199207135777998
9977,银柳路,紫竹路,0.30558015943312666
9978,紫竹路,金桥路,0.2766407904022583
9979,申江路,张东路,0.3333126203939601
9980,高科中路,华佗路,0.23426328759621529
9981,华佗路,蔡伦路,0.2662832625861518
9982,浦三路,新浦路,0.2772697150430749
9983,川南奉公路,农机校,0.0
9984,川南奉公路,川沙镇界,0.0
9985,兴黄路,银品路,0.0
9986,银品路,香兴路,0.0
9987,港城路,草高支路,0.33274917853231106
9988,草高支路,花山路,0.3
9989,花山路,清溪路,0.3333333333333333
9990,大治河路,奉惠港路,0.0
9991,香楠路,马家浜桥,0.4545698347993993
9992,广兰路,香楠路,0.4312842411676667
9993,马家浜桥,张江路,0.4077887654195127
9994,芳春路桥,张东路,0.20904960707269157
9995,张东路,金秋路,0.20703077676704365
9996,金秋路,申江路,0.3081036610448375
9997,港湾学校,金桥路,0.0
9998,中横港,川南奉公路,0.0
9999,中横港,川南奉公路,0.0
10000,华夏东路,新德西路,0.4574630667345899
10001,新德西路,勤川路,0.2217201871873487
10002,耀江路,耀龙路,0.19999154905771996
10003,灵山路,杨高中路,0.41050702504581554
10004,羽山路,灵山路,0.4324582338902148
10005,博山东路,张杨路,0.427902895583504
10006,栖山路,博山东路,0.39264145684288765
10007,浦东大道,栖山路,0.40596696856686204
10008,张杨路,羽山路,0.44224422442244227
10009,新德西路,勤川路,0.2933402224458162
10010,新德西路,荣川路,0.3735745520020578
10011,普达,川六公路,0.4375043634078797
10012,长清路,西营路,0.38190068790103476
10013,灵岩路,长清路,0.39626702289509813
10014,上南路,灵岩路,0.3787077242982081
10015,西营路,济阳路,0.3821054485833142
10016,洪山路,上南路,0.39891416431650745
10017,云台路,洪山路,0.5034031164667364
10018,耀龙路,耀江路,0.3333333333333333
10019,济明路,耀龙路,0.38601838980354064
10020,济阳路,济明路,0.255881675496035
10021,张杨北路,繁锦路,0.367173128023438
10022,繁锦路,芳湄路,0.3900126908433642
10023,合欢路,桃林路,0.30936586286037665
10024,民生路,合欢路,0.31453576452764853
10025,长柳路,民生路,0.29508196721311475
10026,金松路,长柳路,0.3118391950027951
10027,桃林路,东绣路,0.24061463761250593
10028,锦绣路,迎春路,0.3140573577809121
10029,迎春路,紫槐路,0.2998736760275969
10030,紫槐路,芳甸路,0.32148900169204736
10031,芳甸路,金松路,0.2775432247687977
10032,苗圃路,北洋泾路,0.2673097868367823
10033,十三厂,杨家弄,0.0
10034,杨家弄,竹行街,0.0
10035,浦东大道,兴运路,0.44813805631244324
10036,兴运路,莱阳路,0.49457278040634567
10037,莱阳路,张杨北路,0.4736985554647043
10038,浦城路,渡口,0.21583751482783012
10039,浦东南路,浦城路,0.3775263244592557
10040,车站路,中市街,0.42164907189673284
10041,中市街,乔港路,0.4888888888888889
10042,乔港路,新川路,0.4213296938974459
10043,浦东南路,陆家嘴环路,0.4
10044,上南路,新渡口,0.2469867769239771
10045,金龙街,康沈路,0.3902439024390244
10046,小云台街,金龙街,0.3902439024390244
10047,南码头路,临沂路,0.2414398595258999
10048,浦三路,南码头路,0.23260643821391486
10049,兰陵路,浦三路,0.21118349619978286
10050,栖霞路,乳山路,0.30172941759748023
10051,浦东大道,栖霞路,0.28245130641330163
10052,昌邑路,浦东大道,0.5
10053,上粮八库,昌邑路,0.5
10054,龙阳路,东三里桥路,0.2037971641432348
10055,沂林路,浦东南路,0.20170142700329308
10056,临沂路,沂林路,0.20454545454545456
10057,乳山路,商城路,0.3290005556705636
10058,东三里桥路,兰陵路,0.2571463851330493
10059,浦建路,北园路,0.44540796216003153
10060,蓝村路,浦建路,0.9143617131813553
10061,峨山路,蓝村路,0.23210526315789476
10062,张家浜桥,峨山路,0.24024504995094997
10063,浦电路,张家浜桥,0.23626889342007315
10064,潍坊路,浦电路,0.28158385019927834
10065,张扬路,潍坊路,0.22697066317519674
10066,商城路,张扬路,0.2263619148280266
10067,北园路,龙阳路,0.25557809330628806
10068,张杨北路,莱阳路,0.3462559241706161
10069,川沙车站路,川沙东门街,0.0
10070,石笋路,新场大街,0.0
10071,牌楼东路,石笋街,0.29133858267716534
10072,东后老街,193弄1号,0.0
10073,东后老街,203弄1号,0.0
10074,环龙(北),环龙南,0.4018135637190726
10075,浦建路,锦安东路,0.4990392533626132
10076,锦安东路,锦和路,0.4745001342740655
10077,锦和路,锦安东路,0.43431458699472764
10078,锦安东路,锦绣路,0.5536083326444573
10079,锦绣路,东绣路,0.5325264750378215
10080,东绣路,锦和路,0.4148073022312373
10081,东水闸,高尔夫球场,0.0
10082,工农南路,惠南新华路,0.16616591553997662
10083,三角街,运河路,0.23403036379260958
10084,三八路,工农南路,0.0
10085,惠南新华路,十字街,0.5164473684210527
10086,城东,三角街,0.33197633136094673
10087,运河路,三八路,0.0
10088,南祝公路,靖海路,0.13725490196078433
10089,北顶头,东门街,0.0
10090,东门街,新川路,0.0
10091,齐河路,昌里东路,0.19333386747856743
10092,高科西路,齐河路,0.20783332106309357
10093,昌里东路,成山路,0.20781221528318453
10094,三林路,永泰路,0.20872815787185953
10095,"环林东路,环林西路",外环线,0.18772654047523155
10096,永泰路,泰环路,0.18288884562974497
10097,东方路,高科西路,0.5722370696431379
10098,泰环路,"环林东路,环林西路",0.1992221934145709
10099,靖海路,城东,0.0
10100,胶南路,南码头路,0.4920813771517997
10101,胶南路,南码头路,0.48734121769601396
10102,浦东南路,胶南路,0.44544194336259824
10103,临沂路,浦东南路,0.5552296983758701
10104,东方路,临沂路,0.602601288431594
10105,杨高南路,东方路,0.3039079357468233
10106,大道站路,顾全路,0.28842018397611713
10107,浦三路,御桥路,0.25257681270840227
10108,御桥路,永泰路,0.25076430071089173
10109,永泰路,同汾泾,0.2526645185276986
10110,花园石桥路,陆家嘴环路(南),0.3483470157532727
10111,世纪大道,花园石桥路,0.34782608695652173
10112,陆家嘴环路(南),东昌路,0.4666666666666667
10113,规划北环路,朝晖路,0.4103911102347788
10114,周祝公路,南六港,0.0
10115,际和路,顺航路,0.0
10116,顺航路,盐朝公路,0.3129948765719609
10117,锦延路,花木路,0.31287791071658305
10118,花木路,梅花路,0.4208121500740073
10119,梅花路,锦康路,0.52
10120,锦康路,浦建路,0.43525385054192806
10121,浦建路,锦安西路,0.5067037692891475
10122,锦安西路,锦和路,0.4449536029327529
10123,锦和路,东建路,0.4312026002166847
10124,东建路,锦和路,0.583336686490532
10125,张杨北路,莱阳路,0.501036866359447
10126,莱阳路,浦东北路,0.44732561477370586
10127,高桥学前街,高桥东街,0.4163649529326575
10128,滨江大道,陆家嘴环路,0.3325480957989792
10129,陆家嘴环路,银城中路,0.3340732519422864
10130,雪连路,富丰庄路,0.0
10131,富丰庄路,坦南路,0.0
10132,坦南路,下盐路,0.0
10133,张杨北路,季景路,0.47310186951545213
10134,季景路,杨高北路,0.4724940938238272
10135,景雅路,锦锈东路,0.25
10136,锦锈东路,来安路,0.25
10137,咸塘浜桥,玉兰路,0.4112260555363065
10138,玉兰路,浦建路,0.3848574185957351
10139,白杨路,海桐路,0.3513224686080684
10140,海桐路,咸塘浜桥,0.37204301075268814
10141,水产大队,洪波路,0.0
10142,洪波路,洪通路,0.0
10143,洪波路,洪田路,0.0
10144,洪田路,洪进路,0.0
10145,洪进路,装配厂,0.0
10146,上塘四组,洪波路,0.0
10147,洪进路,洪园路,0.0
10148,洪田路,洪进路,0.0
10149,洪波路,洪田路,0.0
10150,洪园路,洪通路,0.0
10151,南团公路,洪通路,0.0
10152,南泉路,浦东南路,0.31519274376417233
10153,东方路,南泉路,0.3077901107423936
10154,杨高南路,东方路,0.3337074753576457
10155,沪南公路7294号,二十六厂,0.0
10156,景雅路,锦锈东路,0.25
10157,锦锈东路,来安路,0.25
10158,来安路,上安路,0.25
10159,启帆路,洲海路,0.3041674825984013
10160,兰桥路,芳菲路,0.28802174215167003
10161,芳菲路,蝶衣路,0.28587986918905495
10162,蝶衣路,紫衣路,0.31297192642787997
10163,紫衣路,启帆路,0.3008638665475126
10164,康沈路,沪南公路,0.0
10165,周东路,康沈路,0.2222222222222222
10166,沪南公路,方窑厂,0.0
10167,方窑厂,纲桥头,0.0
10168,黄家浜,芳华路,0.4444444444444444
10169,芳华路,芳草路,0.2857142857142857
10170,华林中学,申波路,0.4820502285450157
10171,申波路,白杨路,0.4971948004169477
10172,白杨路,培花路,0.42871676039223444
10173,培花路,连波路,0.41347826086956524
10174,连波路,沪南路,0.5157286908558132
10175,金秋路,祖冲之路,0.3076973148901546
10176,丹桂路,金秋路,0.20833075148886365
10177,杨高中路,丁香路,0.22208430395674275
10178,丁香路,迎春路,0.4103492965663695
10179,迎春路,锦绣路,0.2198534966987485
10180,锦绣路,张家浜桥,0.2499971435426926
10181,张家浜桥,花木路,0.2462323134372338
10182,花木路,梅花路,0.2598964340933075
10183,梅花路,樱花路,0.3173854281852807
10184,樱花路,兰花路,0.2579526792774162
10185,兰花路,龙阳路,0.29735479097299294
10186,张杨北路,繁锦路,0.32168367346938775
10187,繁锦路,莱阳路,0.3512431735694176
10188,沪南路,连波路,0.35294117647058826
10189,连波路,培花路,0.26666666666666666
10190,培花路,白杨路,0.26666666666666666
10191,白杨路,申波路,0.26666666666666666
10192,沪南路,罗山路,0.2855050419694665
10193,紫衣路,莱阳路,0.30000000000000004
10194,沪南路,白杨路,0.31
10195,勤奋路,人民东路,0.3333333333333333
10196,人民东路,拱极路,0.3333333333333333
10197,拱极路,拱北路,0.42391304347826086
10198,拱北路,拱为路,0.3333333333333333
10199,陆家嘴路,滨江大道,0.2637037037037037
10200,图海路,益海路,0.0
10201,益海路,悦目路,0.0
10202,图翔路,宣桥大街,0.0
10203,宣桥大街,大治河路,0.0
10204,新场大街,奉新公,0.0
10205,洪桥港南岸,牌楼西路,0.0
10206,无,无,0.0
10207,栖霞路,乳山路,0.29094328703703703
10208,浦东大道,栖霞路,0.3289380656108597
10209,昌邑路,浦东大道,0.0
10210,张杨路,潍坊路,0.3201071643032011
10211,商城路,张杨路,0.2718813815146941
10212,乳山路,商城路,0.3072615483074672
10213,潍坊路,向城路,0.3803968624313935
10214,向城路,浦电路,0.41177718832891247
10215,陆家嘴西路,拾步街,0.03402854006586169
10216,拾步街,东昌路,0.21052631578947367
10217,国会中心,陆家嘴西路,0.2727272727272727
10218,秀来弄,荷花路,0.0
10219,永进路,秀来弄,0.0
10220,东庄路,永进路,0.0
10221,兴城路,航头商城路,0.0
10222,航南公路,兴城路,0.0
10223,航头商城路,饮食街 ,0.0
10224,饮食街 ,航南公路,0.0
10225,航头商城路,饮食街,0.0
10226,乐城路,兴城路,0.0
10227,饮食街,航南公路,0.0
10228,兴城路,航头商城路,0.0
10229,乐业公寓,乐城路,0.0
10230,沪城环路,芦潮港引河桥,0.3063719317279191
10231,港东街地平桥,港东街倪家木桥,0.0
10232,港东街倪家木桥,港东街万福桥,0.0
10233,港东街万福桥,港东街城隍庙桥,0.0
10234,城隍庙桥,千秋桥,0.0
10235,港东街20弄,东横港,0.0
10236,东横港东,33弄2支弄,0.0
10237,包桥街,港东街4弄,0.0
10238,新场大街287弄,石笋街,0.0
10239,金京路,高建路,0.37372013651877134
10240,高建路,高设路,0.32052067381317
10241,高设路,申江路,0.3509887005649718
10242,春阳路,溪兰路,0.4375
10243,溪兰路,春阳路,0.4375
10244,春阳路,春晖路,0.4375
10245,春晖路,春阳路,0.4375
10246,莱阳路,浦东北路,0.7705496722138174
10247,浦东北路,春阳路,0.7709174841315638
10248,春阳路,溪兰路,0.7706422018348624
10249,溪兰路,莱阳路,0.7707401529360842
10250,东靖路,高宝路,0.32660332541567694
10251,世博大道,博成路,0.3714874484825777
10252,博成路,国展路,0.39283056313569836
10253,雪野路,浦东南路,0.14342168674698796
10254,国展路,雪野路,0.3912805045242665
10255,欧高路,花山路,0.0
10256,花山路,王家街,0.0
10257,东义路,义王路,0.4166666666666667
10258,义王路,季景北路,0.2591170825335892
10259,季景北路,陈家街,0.0
10260,陈家街,树德街,0.0
10261,树德街,大同路,0.11173184357541899
10262,花山路,高桥学前街,0.39652084932207726
10263,杨高北路,东义路,0.2857142857142857
10264,高桥学后街,义王路,0.285683367600909
10265,义王路,季景北路,0.28566384180790966
10266,东义路,高桥学后街,0.2857142857142857
10267,长清路,西营南路,0.19351449782882757
10268,杨高南路,浦三路,0.2535195109559631
10269,浦三路,新浦路,0.26374529907196886
10270,东明路,邹平路,0.24202127659574468
10271,上南路,洪山路,0.24861111111111112
10272,洪山路,云台路,0.2225408660739891
10273,云台路,东明路,0.16037735849056603
10274,邹平路,杨高南路,0.23850085178875638
10275,长清路,灵岩南路,0.24287484510532836
10276,灵岩南路,上南路,0.2361951822112415
10277,东靖路,高宝路,0.3738072519083969
10278,祖冲之路,川北公路,0.2916666666666667
10279,郭守敬路,祖冲之路,0.2483786394370084
10280,环南一大道,周川公路,0.0
10281,周川公路,踵荣路,0.0
10282,踵荣路,龚兆港,0.0
10283,三灶西街,三灶小学,0.0
10284,彩虹新村,人民东路,0.375
10285,人民东路,东门大街,0.4502283105022831
10286,东门大街,卫星东路,0.4250074590897615
10287,向阳西路,中山路,0.0
10288,西门街,向阳西路,0.0
10289,东南新村,南八灶路,0.0
10290,新共路,江镇新建路,0.3157894736842105
10291,听潮路,听悦路,0.2727272727272727
10292,南祝公路,靖海路,0.31645569620253167
10293,靖海路,川南奉公路,0.28
10294,川南奉公路,丰海路,0.30434782608695654
10295,丰海路,观海路,0.30434782608695654
10296,观海路,学海路,0.30434782608695654
10297,大川公路,听悦路,0.19444444444444445
10298,听悦路,听潮路,0.1590909090909091
10299,听潮路,通济路,0.2222222222222222
10300,通济路,城西路,0.2222222222222222
10301,城西路,南祝公路,0.2222222222222222
10302,南祝公路,靖海路,0.2222222222222222
10303,靖海路,政海路,0.18181818181818182
10304,川南奉公路,丰海路,0.18181818181818182
10305,政海路,川南奉公路,0.18181818181818182
10306,丰海路,观海路,0.18181818181818182
10307,观海路,学海路,0.18181818181818182
10308,南祝公路,靖海路,0.47478991596638653
10309,靖海路,政海路,0.3456047768223198
10310,大川公路,听悦路,0.11538461538461539
10311,听悦路,听潮路,0.11538461538461539
10312,听潮路,北门路,0.11538461538461539
10313,北门路,南祝公路,0.11538461538461539
10314,南祝公路,靖海路,0.16666666666666666
10315,南祝公路,靖海路,0.16666666666666666
10316,靖海路,川南奉公路,0.16666666666666666
10317,川南奉公路,丰海路,0.16666666666666666
10318,川南奉公,张闻天故居,0.0
10319,东书房路,新浦路,0.37499999999999994
10320,灵山路,杨高中路,0.4
10321,羽山路,灵山路,0.4
10322,张扬路,羽山路,0.4
10323,浦东大道,博山路,0.4
10324,博山路,张扬路,0.4
10325,文康路,竹行街,0.0
10326,周东村,周东路,0.0
10327,周东路,文康路,0.2222222222222222
10328,八五塘,老芦公,0.0
10329,沪南公路,勤奋路,0.18181818181818182
10330,勤奋路,人民东路,0.15384615384615385
10331,人民东路,拱极路,0.18181818181818182
10332,拱极路,拱北路,0.18181818181818182
10333,迎薰路,沪南公路,0.15384615384615385
10334,川南奉公,浦东运河桥,0.0
10335,三八村机口桥,川南奉公,0.0
10336,卫星路,沪南公路,0.6037735849056604
10337,广场交叉口,锦带路,0.0
10338,广场交叉口,锦带路,0.0
10339,祖冲之路,紫薇路,0.38423331525622156
10340,龙东大道,香楠路,0.4105413274704379
10341,香楠路,丹桂路,0.41036265630156576
10342,华夏东路,新德路,0.4529150971699057
10343,沪南公路,桥,0.429544264012572
10344,金亭路,凉亭路,0.20172135556750942
10345,圆环,圆环,0.2690179806362379
10346,凌河路,花坛,0.44528301886792454
10347,博兴路,五莲路,0.3857358111501758
10348,五莲路,凌河路,0.3486980430211871
10349,硕川路,华夏东路,0.0
10350,硕川路,华夏东路,0.37501343941511667
10351,规二路,陆家嘴路,0.20433284096504184
10352,金粤路,申江路,0.25896805896805897
10353,唐陆公路,金粤路,0.26278206226792344
10354,申江路,金豫路,0.23197278911564626
10355,金港路,金湘路,0.19799226751678764
10356,金豫路,金港路,0.17552687231094583
10357,金湘路,金滇路,0.18144184956650786
10358,金滇路,金沪路,0.2049495093158868
10359,牛顿路,科苑路,0.37305266357625955
10360,金科,居里路,0.365373031580759
10361,居里路,牛顿路,0.37034295811784734
10362,张江,高斯路,0.3010179868065113
10363,高斯路,哈雷路,0.3609715057453451
10364,哈雷路,金科,0.29944116512069974
10365,高科西路,云台路,0.2727272727272727
10366,长清路,塘子泾路,0.375
10367,西营路,上钢路,0.375
10368,上钢路,后滩路,0.375
10369,后滩路,世博大道,0.375
10370,上南路,周家渡路,0.375
10371,周家渡路,世博馆路,0.375
10372,世博馆路,长清路,0.375
10373,白莲泾路,高科西路,0.3877551020408163
10374,李时珍路,郭守敬路,0.2581615229745916
10375,郭守敬路,祖冲之路,0.2499910410320731
10376,李冰路, 蔡伦路,0.25
10377,蔡伦路,张衡路,0.2669109357384442
10378,高科中路,李冰路,0.25
10379,学前街,花山路,0.3
10380,环湖大道,芦潮港引河桥,0.0
10381,花山路,慈善街,0.0
10382,集慧路,科苑路,0.2004726817739469
10383,科苑路,向阳河,0.2708333333333333
10384,向阳河,哥白尼路,0.16666666666666666
10385,凌空路,金钻路,0.40381069452980944
10386,金钻路,凌空路,0.375
10387,海科路,环科路,0.37496740547588003
10388,沪南公路,洪西街,0.0
10389,洪西街,牌楼西路,0.18333333333333332
10390,金钻路,凌空路,0.3749985472380089
10391,凌空路,金群路,0.24138007200759834
10392,花木路,梅花路,0.3333333333333333
10393,梅花路,牡丹,0.0
10394,牡丹,樱花,0.33333333333333337
10395,樱花,杜鹃路,0.33333333333333337
10396,川南奉,建宜路,0.23651015279052143
10397,建宜路,江晖路,0.19079982237876972
10398,江晖路,江绣路,0.2187476213432116
10399,江绣路,凌空路,0.18478912072975115
10400,东明路,云台路,0.35349359465115093
10401,上南路,灵岩南路,0.361587982832618
10402,云台路,上南路,0.33331447323752406
10403,灵岩南路,长清路,0.375
10404,民生路,合欢路,0.41077729437155286
10405,老芦公,南芦公,0.0
10406,南芦公,老芦公,0.0
10407,川南奉,施湾四路,0.39535029060683713
10408,施湾四路,施湾路,0.433531772048989
10409,施湾路,施湾三路,0.4017441558666275
10410,施湾三路,施湾二路,0.44429549830607623
10411,施湾二路,断头点,0.4567841622404636
10412,川南奉,施湾路,0.39016597709228584
10413,施湾二路,断头点,0.40528788019719103
10414,川南奉,施湾四路,0.4106855791962175
10415,施湾四路,施湾路,0.460009853834784
10416,川南奉,施湾四路,0.43994625746915106
10417,施湾二路,顾江路,0.5050761421319797
10418,施湾路,施湾三路,0.4640198511166253
10419,施湾三路,施湾二路,0.4797687861271676
10420,施湾四路,施湾路,0.4
10421,福善村,新凸路,0.0
10422,新凸路,航业路,0.0
10423,航南公,老东街,0.41330645161290325
10424,永乐路,环镇南路,0.481741749278454
10425,中市路,永乐路,0.46462715105162516
10426,老东街,中市路,0.4309278350515464
10427,航南公,中市路,0.375
10428,富航路,富田路,0.0
10429,富田路,航新北路,0.0
10430,沪南公,富航路,0.0
10431,老西街,中市路,0.0
10432,航南公,老西街,0.0
10433,兴业一路,饮食街,0.0
10434,饮食街,航南公,0.0
10435,兴城路,航头商城路,0.0
10436,兴业二路,兴业一路,0.0
10437,航头商城路,兴业二路,0.0
10438,航东4队,航东路,0.0
10439,航东路,沪南公,0.0
10440,含笑路,锦绣,0.3333333333333333
10441,迎春路,含笑路,0.3333333333333333
10442,丁香路,锦绣路,0.23022735817321963
10443,丁香路,迎春路,0.18758716875871687
10444,港城路,草高支路,0.3137254901960784
10445,草高支路,花山路,0.3650826944657109
10446,花山路,清溪路,0.3634032855379356
10447,清溪路,大同路,0.3617021276595745
10448,坦南路,下盐路,0.0
10449,长岛路,胶东路,0.37556791516470783
10450,博兴路,长岛路,0.3333333333333333
10451,五莲路,博兴路,0.3333333333333333
10452,利津,五莲路,0.3333333333333333
10453,五莲路,利津路延伸段,0.2916666666666667
10454,利津路,五莲路,0.35985887887103096
10455,五莲路,博兴路,0.35995389428618474
10456,博兴路,长岛路,0.35997564793877196
10457,长岛路,胶东路,0.1999259876029235
10458,沪南公,梅元,0.03710116250309176
10459,蓝天路,碧云路,0.36363636363636365
10460,碧云路,明月路,0.2
10461,明月路,锦绣东路,0.2
10462,上南路,灵岩南路,0.0
10463,康沈路,沪南公路,0.2222222222222222
10464,张杨北路,谐安路,0.31181102362204727
10465,文心路,乐群路,0.3584800365278271
10466,幼儿园,文心路,0.36018957345971564
10467,乐群路,老芦公,0.35714285714285715
10468,蓝天路,碧云路,0.12607003891050583
10469,碧云路,明月路,0.19661106349311006
10470,杨高,蓝天路,0.2913411458333333
10471,明月路,锦绣东,0.19570126285857656
10472,下盐路,三灶东街,0.0
10473,三灶东街,休闲街,0.0
10474,休闲街,三灶港南界沟,0.0
10475,龙游港,下盐路,0.0
10476,三三公,振万路,0.39773645917542444
10477,墩中路,三三公,0.0
10478,上塘村村委会,墩安路,0.0
10479,三三公,三墩装订有限公司,0.0
10480,墩平路,墩荣路,0.0
10481,墩荣路,墩中路,0.0
10482,墩安路,墩平路,0.0
10483,洪通路,下塘综合厂,0.0
10484,千秋桥,新场大街,0.0
10485,二职校,东横港,0.0
10486,墩平路,墩荣路,0.0
10487,新环西路,新奉公路,0.0
10488,青龙桥东,新场大街,0.0
10489,洪桥下塘街,小学北,0.0
10490,雪野路,浦东南路,0.375
10491,德州路,川杨河,0.5696829590488771
10492,昌里路,成山路,0.3754966038703063
10493,齐河路,昌里路,0.3779042929681489
10494,浦东南路,齐河路,0.38233912635039924
10495,杨南路,联明路,0.3571350224854667
10496,成山路,德州路,0.3418876532648988
10497,菜场路,杨南路,0.36363636363636365
10498,墩中路,三宣路414号,0.2528507684680218
10499,洪通路105号,墩中路,0.2779559546717982
10500,新场大街,海泉街,0.0
10501,海泉街,奉新公路,0.0
10502,洪西街,新场大街437弄4号,0.0
10503,洪西街,洪西街56弄12号,0.0
10504,洪西街,洪西街66弄16号,0.0
10505,墩荣路,墩中路,0.0
10506,墩中路,三三公,0.0
10507,新村路,杨思北街,0.30975545621877465
10508,上南路,新村路,0.4265572014991969
10509,博成路,国展路,0.375
10510,国展路,雪野二路,0.375
10511,世博大道,博成路,0.375
10512,界浜路,季景北路,0.0
10513,北顶头,东门街,0.0
10514,东门街,新川路,0.0
10515,新川路,学北路,0.0
10516,学北路,南顶头,0.0
10517,沪东小区,五莲路,0.4164897381457891
10518,莱阳路,沪东小区,0.48103186646433993
10519,罗山,花四,0.19688159951729245
10520,花四,花五,0.21254996003197443
10521,锦康路,杨高南路,0.21961266852129252
10522,东绣路,锦康路,0.24651175796213964
10523,锦绣路,东绣路,0.21506184101091944
10524,玉兰路,锦绣路,0.19995621809040257
10525,海桐路,玉兰路,0.21907551861566235
10526,白杨路,海桐路,0.21974617837283453
10527,银霄路,白杨路,0.22188494602951672
10528,芳甸路,银霄路,0.2911012889067474
10529,花五,芳甸路,0.26114312206106366
10530,张扬北路,和龙路,0.34782608695652173
10531,和龙路,浦东北路,0.3125
10532,海春路,高桥学后街,0.375
10533,高桥学后街,高桥北街,0.375
10534,高桥北街,大同路,0.375
10535,杨高北路,海春路,0.375
10536,大同支路,张扬北路,0.3562231759656652
10537,大同路,大同支路,0.3562231759656653
10538,东泰路,银城中路,0.49636522244838616
10539,银城中路,陆家嘴环路(南),0.28483573393753037
10540,陆家嘴环路(南),富城路,0.4918032786885246
10541,航汇港,乐城路,0.0
10542,园林路,鹿溪路,0.34277620396600567
10543,南六公,园林路,0.0
10544,航汇港,乐城路,0.0
10545,新川路,南桥路,0.43750000000000006
10546,南桥路,妙栏路,0.5233644859813084
10547,浦东南路,世博村路,0.4
10548,世博村路,雪野路,0.4
10549,临沂路,浦东南路,0.5919457689435285
10550,铜山街,浦东大道,0.47058823529411764
10551,达尔文路,GE二期地块,0.29469548133595286
10552,张衡路,蔡伦路,0.33357771260997066
10553,蔡伦路,科苑路,0.312478935356823
10554,科苑路,达尔文路,0.2983955913108523
10555,远东大,随塘河,0.0
10556,新德路,川银路,0.4710863279636514
10557,青厦路,新德路,0.5337505587840858
10558,青艺路,青厦路,0.7227564102564102
10559,华夏东路,青艺路,0.5109537508298296
10560,川银路,城丰路,0.06066119369869093
10561,绣川路,平川路,0.42635783388864357
10562,平川路,润川路,0.2783556711342269
10563,城丰路,新川路,0.39896148853310254
10564,新川路,南桥路,0.280068956371834
10565,南桥路,川环南路,0.312053844584948
10566,川环南路,绣川路,0.2406867238936578
10567,润川路,妙川路,0.2992055164143307
10568,妙川路,川周公路,0.2960115951031395
10569,华夏东路,青艺路,0.477408818726184
10570,青艺路,新德西路,0.45477951384506654
10571,新德西路,勤川路,0.4320060105184072
10572,勤川路,新川路,0.27963230311422765
10573,三灶浜桥南,川银路,0.585635359116022
10574,青厦路,新德路,0.6722546002226442
10575,华夏东路,青厦路,0.6937037381151476
10576,新德路,三灶浜桥南,0.6081309492038075
10577,镇东街3号,川南奉公,0.0
10578,杨高南路,锦尊路,0.2509770933091756
10579,锦尊路,下南路,0.0
10580,沪南公,中心河,0.0
10581,卫星港,航东二队,0.0
10582,航东二队,沪南公,0.0
10583,中心河,沪南公,0.0
10584,海港大道,临港大道,0.2732918329659856
10585,集慧路,科苑路,0.1634623337368512
10586,科苑路,向阳河,0.16666666666666666
10587,向阳河桥,哥白尼路,0.11764396682630533
10588,银环路,东明路,0.3749870758286979
10589,永泰路,银环路,0.375
10590,三林路,永泰路,0.36302433972035214
10591,三林塘港桥,三林路,0.433061468072409
10592,银环路,银环路,0.3750029466537799
10593,品柿路,东明路,0.375
10594,永泰路,春延路,0.375
10595,三林路,池河路,0.34522479580943866
10596,池河路,永泰路,0.37498733920794086
10597,春延路,品柿路,0.3749902936745818
10598,东环龙路,龙阳路,0.5309477756286267
10599,北园路,东环龙路,0.375
10600,浦建路,东环龙路,0.4008230452674897
10601,东环龙路,北园路,0.375
10602,航南公,航兴港,0.36
10603,环镇中,航南公,0.0
10604,航塘路,环镇中,0.375
10605,川周公路,黄家宅,0.0
10606,碧云路,明月路,0.45660377358490567
10607,蓝天路,碧云路,0.37005163511187605
10608,明月路,锦绣东,0.4251646903820817
10609,西乐路,园中,0.0
10610,园中,陶桥路,0.0
10611,陶桥路,南芦公,0.0
10612,船厂街,康沈路,0.0
10613,文卫路,幸福新街,0.0
10614,惠南黄家路,振欣路,0.0
10615,振欣路,文卫路,0.0
10616,幸新路,惠南黄家路,0.0
10617,荡湾路,城东,0.0
10618,黄家滩,靖海路,0.0
10619,育苗路,荡湾路,0.0
10620,靖海路,育苗路,0.0
10621,民俗村,惠北桥,0.30681120222406605
10622,汇民路,爱民路,0.0
10623,爱民路,川南奉公,0.0
10624,一号河桥,汇民路,0.0
10625,拱极路,人民东路,0.0
10626,西门桥东,城西路,0.0
10627,通济路,听潮,0.5714248276946461
10628,城西路,通济路,0.5925907541612893
10629,人民东路,东门街,0.18607395751376868
10630,祖冲之路,晨晖路,0.28501282029796715
10631,晨晖路,高科中路,0.2774247238614011
10632,华夏一路,停车场,0.0
10633,浦东大道,招远路,0.5380626737807169
10634,昌邑路,浦东大道,0.3415482748622789
10635,上海船厂,昌邑路,0.3008562832677621
10636,杰科路,环科路,0.23529411764705882
10637,雪连路,坦直路,0.0
10638,东翔路,宛虹路,0.0
10639,蓝云路,东翔路,0.0
10640,王家街,张家街,0.3125
10641,石家街,懋仁街,0.3333333333333333
10642,张家街,学前街,0.3333333333333333
10643,学前街,石家街,0.3125
10644,懋仁街,砖桥街,0.30434782608695654
10645,砖桥街,春晖路,0.3319838056680162
10646,夏碧路,秋霞路,0.3328092243186583
10647,秋霞路,冬融路,0.3327777777777778
10648,冬融路,航津路,0.33275663206459055
10649,春晖路,夏碧路,0.33281573498964806
10650,德州路,耀川路,0.47869748209407076
10651,德恒路,德州路,0.33333333333333326
10652,通耀路,耀元路,0.38625543365762777
10653,耀元路,友诚路,0.4245818628203161
10654,友诚路,耀华路,0.5211840888066605
10655,金穗路,金苏路,0.3658315725928162
10656,金苏路,新金桥路,0.33879078470354346
10657,贾家角,浦东大道,0.33542168674698797
10658,鑫盛路,二勒港,0.4166666666666667
10659,南港公,鑫盛路,0.48034934497816595
10660,崮山路,南洋泾路,0.3333333333333333
10661,南港公,鑫盛路,0.0
10662,鑫盛路,二勒港,0.0
10663,南港公,鑫盛路,0.3960156957440386
10664,鑫盛路,幼儿园,0.39606434483835706
10665,鑫盛路,二勒港,0.43781094527363185
10666,南港公,鑫盛路,0.43781094527363185
10667,川南奉公路,建宜路,0.2393199462202368
10668,晚霞路,晨阳,0.47863247863247865
10669,潮辉路,晚霞路,0.45397489539748953
10670,随塘河,川南奉公,0.0
10671,川南奉公,公益路,0.0
10672,金业路,平度路,0.2857142857142857
10673,平度路,台儿庄路,0.4131324004305705
10674,台儿庄路,荷泽路,0.36689159773617763
10675,荷泽路,牟平路,0.305586089737184
10676,牟平路,杨高北路,0.4155251141552511
10677,沂南路,浦东南路,0.35863896017882274
10678,东三里桥路,沂南路,0.34424505357260243
10679,东三街,东三里桥路,0.40342772979848696
10680,塘南路,东三街,0.0
10681,科苑路,集慧路,0.2403116670084068
10682,维勤路,人民西路,0.4132983377077865
10683,杨高北路,义王路,0.0
10684,义王路,砖桥街,0.0
10685,砖桥街,季景北路,1.0
10686,季景北路,懋仁街,1.0
10687,懋仁街,张扬北路,0.760427807486631
10688,妙栏路,川环南路,0.4378892166502785
10689,川环南路,瞿家港桥北,0.44444444444444436
10690,瞿家港桥北,翔川路,0.4850926672038678
10691,杨高中路,浙桥路,0.3
10692,浙桥路,新金桥路,0.36991709435452036
10693,新金桥路,经三支路,0.3
10694,经三支路,云桥路,0.5391980849790544
10695,川桥路,桂桥路,0.2900763358778626
10696,桂桥路,锦绣东,0.3
10697,云桥路,川桥路,0.1279491833030853
10698,宁桥路,云桥路,0.12488174077578051
10699,桂桥路,锦绣东,0.11215552232428969
10700,川桥路,桂桥路,0.11331877729257642
10701,新金桥路,宁桥路,0.11245865490628446
10702,金湘路,新金桥路,0.25230454079890746
10703,金沪路,金湘路,0.2535167239762426
10704,金海路,金沪路,0.25589139344262296
10705,锦绣东路,金葵路,0.18181818181818182
10706,金葵路,金槐路,0.18181818181818182
10707,平度路,金业路,0.4680996247014671
10708,金业路,金桥路,0.3602560195062481
10709,宁桥路,云桥路,0.2036094400740398
10710,金港路,新金桥路,0.3938572719060524
10711,金皖路,金港路,0.36666666666666664
10712,新金桥路,宁桥路,0.17378277153558053
10713,云桥路,川桥路,0.2764331210191083
10714,川桥路,桂桥路,0.16988416988416988
10715,桂桥路,锦绣东,0.20736599003281878
10716,申江路,金豫路,0.2
10717,金豫路,金港路,0.2
10718,金港路,金湘路,0.2
10719,金湘路,金葵路,0.2
10720,金葵路,锦绣东路,0.2
10721,申江路,申江路,0.3333333333333333
10722,榕桥路,金海,0.32061068702290074
10723,秦桥路,榕桥路,0.2682779456193353
10724,陇桥路,秦桥路,0.2620253164556962
10725,榕桥路,金海,0.33304471519574497
10726,巨峰路,榕桥路,0.47531549722362443
10727,巨峰路,金京路桥,0.1564784471893118
10728,五洲大道,东靖路,0.20519451934188082
10729,东靖路,赵家沟桥北,0.4483990473670283
10730,张杨路,金杨路,0.2896569185972908
10731,金杨路,银山路,0.3056716417910448
10732,张东路,金槐路,0.24726805228197987
10733,申江路,张东路,0.2592508513053349
10734,广兰路,申江路,0.25
10735,陇桥路,秦桥路,0.15402998044753421
10736,澧溪路,康桥中大街,0.0
10737,川周公,澧溪路,0.0
10738,彭平公,彭新路,0.46153846153846156
10739,金穗路,金苏路,0.23497210232656068
10740,鲁桥路,桥底,0.30321592649310875
10741,海纳路,海鸣路,0.3000029551950218
10742,渡口,嘴角路,0.24905769788344448
10743,嘴角路,浦东大道,0.21751608114794657
10744,丹桂路,张东路,0.24999816813582176
10745,张东路,芳春路,0.24999794233602474
10746,祝城路,三八村厂,0.38911434709954645
10747,金亭路,祝城路,0.3891067926546622
10748,丁香路,迎春路,0.3474032289437853
10749,迎春路,锦绣路,0.3813166901550232
10750,冀桥路,鲁桥路,0.3050239234449761
10751,新金桥路,冀桥路,0.3
10752,鲁桥路,金闽路,0.3113711001642036
10753,榕桥路,金海路,0.29141161194583565
10754,冀桥路,鲁桥路,0.22842639593908629
10755,新金桥路,冀桥路,0.2885149737573325
10756,金海路,新金桥路,0.23149492017416545
10757,金闽路,川桥路,0.2556745182012848
10758,巨峰路,陇桥路,0.2546441243999165
10759,陇桥路,秦桥路,0.25597359735973596
10760,秦桥路,榕桥路,0.24021560815561285
10761,巨峰路,轲桥路,0.15565233857224012
10762,金桥路,枣庄路,0.2883444271349667
10763,千汇路,广益路,0.0
10764,广益路,百熙路,0.0
10765,金星村13组603号,千汇路,0.0
10766,百熙路,金三路,0.0
10767,金三路,川南奉公,0.0
10768,新金桥路,宁桥路,0.3046131315596778
10769,金沪路,新金桥路,0.36363636363636365
10770,金港路,新金桥路,0.27192748600373234
10771,金豫路,金港路,0.2484705882352941
10772,桂桥路,锦绣东,0.10763958879258215
10773,川桥路,桂桥路,0.2236024844720497
10774,云桥路,川桥路,0.23860232945091514
10775,宁桥路,云桥路,0.23024574669187145
10776,新金桥路,宁桥路,0.23024574669187145
10777,金钻路,海容路,0.3732146169541829
10778,杨高,浙桥路,0.3030449492508458
10779,枣庄路,金口路,0.4402204904010644
10780,云山路,居家桥路,0.2520032051282051
10781,金口路,云山路,0.2566139667911337
10782,金桥路,枣庄路,0.2995055945875618
10783,金桥路,平度路,0.2855909336211549
10784,胶东路,金工路,0.19988512349224583
10785,杨高中路,金工路,0.2248
10786,金工路,金杨路,0.19983484723369116
10787,品柿路（原名南林一路）,外环线,0.0
10788,瓦屑水厂,周浦建设路,0.0
10789,桂桥路,锦绣东,0.32364273204903676
10790,川桥路,桂桥路,0.26189376443418017
10791,宁桥路,云桥路,0.27069271758436947
10792,新金桥路,宁桥路,0.29698189134808856
10793,金湘路,新金桥路,0.33112033195020746
10794,云桥路,川桥路,0.2696132596685083
10795,金葵路,金槐路,0.3619182309076884
10796,锦绣东路,金葵路,0.30353159851301115
10797,桂桥路,台桥路,0.3
10798,金葵路,金槐路,0.3999119136754019
10799,金葵路,锦绣东路,0.39993050729673385
10800,台桥路,锦绣东路,0.3
10801,陆家嘴东路,东城路,0.4151093439363817
10802,东城路,银城中路,0.41636414409382855
10803,金海路,东靖路,0.2139794809990059
10804,锦绣,东建路,0.39872445966694225
10805,东建路,东建路,0.3934059346588071
10806,锦绣,东绣路,0.4
10807,润川路,华夏二路,0.308051341890315
10808,丁香路,迎春路,0.21308649683084732
10809,锦绣,东绣路,0.4
10810,东绣路,东建路,0.4394883016327218
10811,东建路,东绣路,0.4990093405038211
10812,东建路,锦绣,0.3993063583815029
10813,锦延,花木路,0.38322710499832274
10814,花木路,东绣路,0.39999999999999997
10815,杨高路,锦康路,0.34535040431266845
10816,锦康路,东绣路,0.3382147838214784
10817,东绣路,锦绣路,0.33608195902048976
10818,川沙城西路,川沙新源路,0.4166860716543029
10819,川沙新源路,新川路,0.4166952768649762
10820,新川路,川沙文化路,0.4166666666666667
10821,川沙文化路,川沙城南路,0.41666666666666663
10822,川沙路,西首,0.0
10823,御山路,御青路,0.41533546325878595
10824,建平路,张杨路,0.8259680437598964
10825,张扬路,小区,0.19469759734879868
10826,金藏路,马家浜,0.3
10827,人民东路,惠东路,0.1288844665889464
10828,东城区,人民东路,0.16597363083164302
10829,惠东路,荡湾路,0.3556948228882834
10830,荡湾路,城南,0.3396428975025427
10831,拱极路,东城区,0.0
10832,拱晨路,拱乐路,0.2727272727272727
10833,拱乐路,塘红路,0.2727272727272727
10834,塘红路,拱为路,0.2725283469265964
10835,拱为路,拱北路,0.28
10836,拱北路,拱极路,0.3220035778175313
10837,泰环路(原名半环路),银环路（原双环路）,0.4480222841225627
10838,浦东大道,栖山路,0.2701525054466231
10839,黄浦江,浦东大道,0.274251497005988
10840,灵山路,杨高中路,0.2
10841,金杨路,灵山路,0.24924501711294544
10842,张杨路,金杨路,0.167288768238887
10843,博山东路,张杨路,0.2445099967223861
10844,栖山路,博山东路,0.2501961468049865
10845,郭守敬路,祖冲之路,0.29536499991545057
10846,李时珍路,郭守敬路,0.2914414250988644
10847,利津路(1),张杨北路,0.3329516830776277
10848,杨高北路,五莲路,0.24622322435174746
10849,申江路,金京路,0.38572542901716067
10850,金京路,永宁路,0.2582555455184182
10851,永宁路,金高路,0.42729215426885114
10852,金高路,杨高北路,0.3998913338766639
10853,五莲路,利津路(1),0.2669668167417042
10854,栖山路,沈家弄路,0.349809027451128
10855,沈家弄路,张杨路,0.3345247766043867
10856,浦东大道,栖山路,0.3337810611148422
10857,张扬路,羽山路,0.4
10858,羽山路,灵山路,0.4
10859,瓦屑街,振兴104,0.0
10860,振兴104,西南,0.0
10861,春延路（原南林二路）,南林路,0.43761443892231233
10862,卡园三路,上丰路,0.20833333333333334
10863,上丰路,卡园一路,0.25
10864,华东路,卡园二路,0.13636363636363635
10865,卡园二路,顾唐路,0.25189340813464234
10866,康花路,康桥西路,0.19999999999999998
10867,秀沿 ,秀龙村村委 ,0.0
10868,康安路,康意路,0.0
10869,沪南公,康士路,0.0
10870,康凌路,锦绣,0.0
10871,康杉路,康安路,0.0
10872,康士路,康杉路,0.0
10873,康意路,康凌路,0.0
10874,康花路,康桥西路,0.0
10875,秀康路,秀沿路,0.0
10876,康杉路,康安路,0.25768336988184465
10877,康意路,康凌路,0.27902321343787295
10878,沪南公,康士路,0.3003361408014504
10879,康安路,康意路,0.28658948730854966
10880,康士路,康杉路,0.2567994939911448
10881,康凌路,浦三路,0.1835356423636222
10882,金龙街,康沈路,0.2424242424242424
10883,衣荘街,金龙街,0.24242424242424243
10884,康沈路,向东１００米,1.0
10885,御青,沪南公,0.0
10886,御秀路,御青,0.0
10887,桂家港桥,御秀路,0.0
10888,康花 ,康桥花园南园 ,0.5000089395862759
10889,年家浜路,汇丽路,0.3333333333333333
10890,周周公,康桥中大街,0.4529032258064516
10891,康桥中大街,年家浜路,0.3442622950819672
10892,康花路,康桥东园,0.3108914850467022
10893,花墙4队,康花路,0.0
10894,康花路,康桥西路,0.39999999999999997
10895,龙东大道,李时珍路,0.3669121514992109
10896,李时珍路,郭守敬路,0.37145182135847976
10897,郭守敬路,春晓路,0.3271926311573889
10898,春晓路,祖冲之路,0.3022556390977444
10899,祖冲之路,晨晖路,0.35358352339484417
10900,晨晖路,高科中路,0.3392866691620769
10901,高科中路,吕家浜桥,0.16763678696158327
10902,华佗路,长浜河桥,0.23364702699569073
10903,蔡伦路,张衡路,0.21440441047095854
10904,华夏中路,金科路,0.1875
10905,张衡路,华夏中路,0.12540190692155279
10906,吕家浜桥,华佗路,0.20968053587530597
10907,长浜河桥,蔡伦路,0.330131374487922
10908,申江路,申涛路,0.187446748082931
10909,申涛路,申启路,0.17647058823529413
10910,申启路,申轮路,0.17647058823529413
10911,申轮路,申迈路,0.17647058823529413
10912,申迈路,金穗路,0.19395465994962216
10913,乐昌路,都昌路,0.25
10914,都昌路,瑞昌路,0.25
10915,瑞昌路,华东路,0.25
10916,华东路,繁昌路,0.2614795918367347
10917,五莲路,沪东路,0.3418492335689788
10918,利津路(2),五莲路,0.41319517868471134
10919,东陆路,利津路(2),0.40217391304347827
10920,东煦路,东靖路,0.3718071347179133
10921,东靖路,东高路,0.3548923353738436
10922,航津路,行南路,0.27580348293926094
10923,行南路,南新路,0.2760103181427343
10924,南新路,庭安路,0.2757834757834758
10925,大同路,高荷路,0.2916666666666667
10926,沪东路,博兴路,0.2762973352033661
10927,博兴路,浦东大道,0.18764377259283602
10928,东波路,东陆路,0.41172182533897067
10929,空地,东波路,0.2857142857142857
10930,兰桥路,芳菲路,0.1825160466880006
10931,芳菲路,启帆路,0.19936237656322797
10932,启帆路,洲海路,0.18538330830988323
10933,春阳路,春晖路,0.2916666666666667
10934,春晖路,夏碧路,0.2916666666666667
10935,夏碧路,溪兰路,0.2916666666666667
10936,溪兰路,航津路,0.2916666666666667
10937,高荷路,春阳路,0.2916666666666667
10938,五莲路,博兴路,0.3474197156095223
10939,博兴路,长岛路,0.3208112271093616
10940,洲海路,高西路,0.21428571428571427
10941,高西路,庭安路,0.2
10942,庭安路,秋岚路,0.23333333333333334
10943,秋岚路,白萱路,0.23333333333333334
10944,白萱路,航津路,0.23333333333333334
10945,银霄路,白杨路,0.43902439024390244
10946,石楠路,银霄路,0.41025641025641024
10947,芳甸路,石楠路,0.42857142857142855
10948,临沂路,东方路,0.5598841753712783
10949,繁锦路,莱阳路,0.3145925457991156
10950,白萱路,秋岚路,0.3157894736842105
10951,庭安路,谐安路,0.3157894736842105
10952,谐安路,高西路,0.3157894736842105
10953,高西路,洲海路,0.3157894736842105
10954,秋岚路,庭安路,0.348140385396839
10955,蓝天路,碧云路,0.36475770925110135
10956,碧云路,明月路,0.4350551996728908
10957,明月路,锦绣东,0.38343033207805544
10958,杨高南路,东方路,0.3823726221202562
10959,东方路,南泉路,0.35074702872946356
10960,白桦路,黑松路,0.24764417640407085
10961,红枫路,黄杨路,0.5179770841564599
10962,黄杨路,蓝桉路,0.4866693195384003
10963,蓝桉路,云山路,0.4246992117272853
10964,云山路,白桦路,0.463339222614841
10965,际和路,顺航路,0.0
10966,顺航路,盐朝公,0.0
10967,乳山路,世纪大道,0.25980582524271845
10968,栖霞路,乳山路,0.2725965889932028
10969,电影院,栖霞路,0.8132566464223947
10970,张杨路,潍坊路,0.30000000000000004
10971,潍坊路,浦电路,0.3
10972,世纪大道,张杨路,0.36363636363636365
10973,浦东大道,电影院,0.3
10974,张杨路,潍坊路,0.4375
10975,世纪大道,商城路,0.41888225718936517
10976,栖霞路,世纪大道,0.4375
10977,招远路,栖霞路,0.5555555555555556
10978,世纪大道,招远路,0.5
10979,商城路,张扬路,0.3442203009926353
10980,航南公,航塘路,0.0
10981,南泉路,浦东南路,0.42660798757383916
10982,浦东南路,茂兴路,0.21041767013004886
10983,航南公,航头西市街,0.0
10984,景雅路,锦锈东路,0.20833333333333334
10985,富航路,富田路,0.0
10986,富田路,花苑二、三,0.0
10987,沪南公,富航路,0.0
10988,花苑二、三,中心河,0.0
10989,书塘路,市场路,0.4
10990,弘中路,书塘路,0.4
10991,张衡路,哥白尼路,0.14984725072550595
10992,哈雷路,爱迪生路,0.0760896869707553
10993,爱迪生路,哥白尼路,0.1854692031657081
10994,哈雷路,蔡伦路,0.13210836143338858
10995,蔡伦路,张衡路,0.14966046518479237
10996,牛顿路,科苑路,0.3558975840227775
10997,居里路,牛顿路,0.36235983432669966
10998,金科路,居里路,0.36377407487556807
10999,哈雷路 ,金科路,0.25
11000,衣荘街,金龙街,0.39024390243902435
11001,金龙街,康沈路,0.3137254901960785
11002,耀华路,昌里路,0.5192116547865845
11003,关岳西路,中大街,0.2727272727272727
11004,巨峰路,凌河路,0.3333333333333333
11005,凌河路,东陆路,0.4
11006,东陆路,菏泽路,0.4
11007,菏泽路,张杨北路,0.4
11008,双桥路,巨峰路,0.37728824076946943
11009,浦东大道,莱阳路,0.4
11010,莱阳路,寿光路,0.4
11011,寿光路,张杨北路,0.4
11012,芳华路,芳芯路,0.3893457275652485
11013,千汇路,百熙路,0.0
11014,三八村6组,百熙桥,0.0
11015,东大公路,新元南路,2.926915885966056e-06
11016,东大公路,新元南路,0.0
11017,晨阳路,江镇河桥南坡,0.37756530976869956
11018,晨阳路,江镇河桥北坡,0.3726108562691131
11019,环湖大道,两港大道,0.27529535222233503
11020,老港垃圾处置场,通源东,0.0
11021,川银路,北小区,0.0
11022,浦建路,龙阳路,0.3735256630722855
11023,龙阳路,东三里桥路,0.32196256850377414
11024,华丰路,东方路,0.393402407435624
11025,南码头路,华丰路,0.3517203311867525
11026,浦三路,南码头路,0.4032137881880325
11027,兰陵路,浦三路,0.49950918999424565
11028,东三里桥路,兰陵路,0.3834232626070023
11029,新川路,城南路,0.3750466383105739
11030,崮山路,南洋泾路,0.3573598170710897
11031,罗山路,崮山路,0.4555726128338962
11032,四方路,巨野路,0.48770491803278687
11033,南洋泾路,苗圃路,0.45938375350140054
11034,苗圃路,四方路,0.6767241379310345
11035,巨野路,民生路,0.43602693602693604
11036,云山路,居家桥路,0.33127970427741593
11037,居家桥路,德平路,0.4617639221955769
11038,德平路,罗山路,0.275
11039,民生路,桃林路,0.4
11040,桃林路,源深路,0.30381263616557735
11041,沙泥,川南奉公,0.0
11042,德州路,川杨河,0.5623357495595923
11043,成山路,德州路,0.5389667452939272
11044,杨南路,华夏西路,0.34256841149085954
11045,上浦路,凌兆路,0.32823025107164727
11046,凌兆路,三林路,0.34782608695652173
11047,华夏西路,上浦路,0.34782608695652173
11048,杨思路,海阳路,0.36363636363636365
11049,海阳路,杨南路,0.4
11050,三林路,永泰路,0.31609148290843514
11051,五莲路,博兴路,0.30549161460046037
11052,归昌路,五莲路,0.2524540301396378
11053,利津路(1),归昌路,0.16062884483937115
11054,博兴路,杨高北路,0.36036036036036034
11055,上南路,灵岩南路,0.3939393939393939
11056,灵岩南路,长清路,0.4
11057,长清路,济阳路,0.4
11058,康沈路,二十四厂,0.0
11059,云莲路,云台路,0.3836221542643561
11060,博兴路,长岛路,0.37722932804900017
11061,锦绣路,张家浜,0.23809523809523808
11062,川六公,牌楼镇,0.0
11063,普新路,川六公,0.31051691208181875
11064,耀江路,耀龙路,0.37237962139499425
11065,沪南公路,白杨路,0.2688482886216466
11066,白杨路,龙阳路,0.12232043998330096
11067,栖山路,浦东大道,0.41634378302219094
11068,博山东路,栖山路,0.21530249110320285
11069,金穗路,金吉路,0.3699619771863118
11070,金吉路,金辽路,0.3065134099616858
11071,金辽路,申江,0.2855593710464486
11072,老芦公,原镇政府,0.0
11073,金穗路,金苏路,0.3490701001430615
11074,金苏路,金闽路,0.392328398384926
11075,陆家嘴路,陆家嘴路,1.0
11076,浦东南路,陆家嘴环路,0.5704346979980054
11077,陆家嘴环路,世纪大道,0.32923383155313063
11078,银城中路,陆家嘴环路,0.0
11079,陆家嘴环路,东泰路,0.33035340131303254
11080,东泰路,银城中路,0.2890744443137716
11081,陆家嘴环路,陆家嘴路,0.3310256659037857
11082,陆家嘴环路,银城中路,0.34775072224515063
11083,银城中路,东城路,0.288872779992751
11084,东城路,陆家嘴路,0.3782991202346041
11085,陆家嘴路,世纪大道,0.33532168726033235
11086,世纪大道,陆家嘴环路(南),0.2727272727272727
11087,陆家嘴环路(南),东昌路,0.29411764705882354
11088,陆家嘴西路,花园石桥路,0.2540068689181454
11089,花园石桥路,陆家嘴环路(南),0.24564994882292732
11090,陆家嘴环路,陆家嘴环路,0.0
11091,丰和路,滨江大道,0.3447274352100089
11092,向学街,南溪路,0.0
11093,砖桥路,花苑路,0.0
11094,周祝公,向学街,0.0
11095,花苑路,周祝公,0.0
11096,坦南路,下盐路,0.0
11097,振万路,活动中心,0.5
11098,三三公路,祥和路,0.4558691861834975
11099,祥和路,振万路,0.4480299518630772
11100,微山路,塘桥路,0.37961967213114756
11101,牧场路,下盐路,0.0
11102,下盐路,三灶东街,0.0
11103,季景北路,界浜路,0.0
11104,人民东路,拱极路,0.37450549450549453
11105,银霄路,白杨路,0.36
11106,石楠路,银霄路,0.375
11107,芳甸路,石楠路,0.37254901960784315
11108,白杨路,海桐路,0.35903537997778834
11109,海桐路,咸塘浜桥,0.34122765815431017
11110,咸塘浜桥,玉兰路,0.46904345058093266
11111,玉兰路,锦绣路,0.3560389238694906
11112,锦绣路,东绣路,0.4
11113,东门大街,七间头,0.24691190443871316
11114,羽山路,灵山路,0.4
11115,张杨路,羽山路,0.4
11116,沈家弄路,张杨路,0.39974402730375425
11117,定水路,沈家弄路,0.375
11118,栖山路,定水路,0.4
11119,浦东大道,栖山路,0.5714285714285714
11120,芳华路,芳草路,0.28
11121,新德路,城西路,0.26229508196721313
11122,城西路,城丰路,0.26487118988701536
11123,城丰路,新川路,0.2734080847366461
11124,新川路,文化路,0.27860435875943
11125,文化路,城南路,0.27531685280461793
11126,城南路,南桥路,0.26229508196721313
11127,南桥路,妙栏路,0.2688707912969491
11128,妙栏路,川环南路,0.26737633061991234
11129,华夏东路,青厦路,0.2939355893602733
11130,青厦路,新德路,0.2784263140922283
11131,川环南路,翔川路,0.22581152243967617
11132,翔川路,绣川路,0.2560027838997796
11133,绣川路,川周路,0.23237661167599163
11134,妙境路,北界长,0.2631578947368421
11135,南界长路,药师,0.3088922530112552
11136,北界长,南界长路,0.33735878457343205
11137,妙境路,华城路,0.3444836581249041
11138,界龙一路,华夏二路,0.41540273891915774
11139,华城路,界龙一路,0.43432555051455124
11140,渡口,昌邑路,0.3305004721435316
11141,羽山路,灵山路,0.2
11142,灵山路,杨高中路,0.2
11143,张扬路,羽山路,0.2
11144,浦东大道,栖山路,0.2
11145,昌邑路,浦东大道,0.35135135135135137
11146,含笑路,锦绣路,0.299687825182102
11147,杨高中路,丁香路,0.21038435603506406
11148,丁香路,迎春路,0.26439256318823035
11149,迎春路,含笑路,0.3045935221158041
11150,栖山路,沈家弄路,0.2222222222222222
11151,沈家弄路,张扬路,0.20689655172413793
11152,新德路,城西路,0.4167019667170953
11153,富城路,陆家嘴环路,0.22695035460992907
11154,到家路,费德路,0.0
11155,云山路,白桦路,0.24077704509000178
11156,白桦路,黑松路,0.2
11157,黄杨路,蓝桉路,0.19927335427058315
11158,红枫路,黄杨路,0.2223472065991751
11159,蓝桉路,云山路,0.19769625006342925
11160,金桥路,红枫路,0.240462284081024
11161,滨江大道,富城路,0.25
11162,富城路,丰和路,0.24539877300613497
11163,胶东路,长岛路,0.3635320160695253
11164,长岛路,博兴路,0.39999999999999997
11165,牡丹支路,玉兰路,0.2981491712707182
11166,玉兰路,海桐路,0.4971319637112559
11167,浦建路,牡丹支路,0.21063659058487877
11168,梅花路,牡丹路,0.0
11169,木器二厂,王家弄,0.0
11170,牧场门口,周浦建设路,0.0
11171,上科路,智慧河桥,0.25212135647720846
11172,智慧河桥,环科路,0.2857142857142857
11173,新村路,石油公司,0.0
11174,周祝公路,众济街,0.0
11175,众济街,祝桥东大街,0.0
11176,川南奉公路,盐仓老街,0.0
11177,红楼河,川南奉公路,0.0
11178,川环南路,瞿家港桥,0.4166666666666667
11179,妙栏路,川环南路,0.4167097966728281
11180,品柿路,金谊河,0.4017468010180956
11181,渡口路,塘南路,0.29496077735093784
11182,东三街,东三里桥路,0.4091152623495375
11183,东三里桥路,沂南路,0.40184408535833227
11184,临沂路,东方路,0.4306985843545363
11185,浦东南路,临沂路,0.40893132986940034
11186,南码头支路,浦东南路,0.3415045541437085
11187,沂南路,南码头支路,0.412288993923025
11188,东方路,高科西路,0.19853109938030755
11189,塘南路,东三街,0.6445553091894556
11190,高科西路,齐河路,0.31564853556485356
11191,齐河路,昌里东路,0.3578474353353792
11192,昌里东路,邹平路,0.3464345548729997
11193,胶南路,南码头路,0.4948134470211264
11194,向阳西路,中山路,0.5411240276199634
11195,中山路,卫星西路,0.44850663031354565
11196,十字街,向阳西路,0.6210037288342808
11197,卫星西路,沪南公路,0.5047758664131754
11198,沪南公路,英墩路,0.03759398496240601
11199,蓝村路,浦建路,0.19619865113427346
11200,峨山路,蓝村路,0.2711986356126419
11201,浦电路,张家浜桥,0.4375
11202,张家浜桥,峨山路,0.43552519214346713
11203,潍坊路,浦电路,0.4375
11204,永宁西路,江边路,0.0
11205,南湾新村17号,南三支路158号,0.2
11206,永宁西路72号,南湾新村1号,0.0
11207,新川路,南顶头,0.0
11208,中市街,乔港路,0.0
11209,乔港路,新川路,0.0
11210,祝桥东大街,南塘街106号,0.0
11211,众济街,祝桥东大街,0.0
11212,周祝公路,众济街,0.0
11213,南六公路,鹿溪路,0.0
11214,张扬路,羽山路,0.4
11215,灵山路,杨高中路,0.4
11216,羽山路,灵山路,0.4
11217,博山路,张杨路,0.44668587896253603
11218,北车油弄,年家浜路,0.0
11219,沪南公路,连成,0.0
11220,新华香料厂,茂兴北,0.0
11221,新城东路,南芦公路,0.3951612903225806
11222,镇政府,新城东路,0.2676373600854582
11223,南芦公路,香益路,0.5594202898550724
11224,周市路,康沈路,0.47652962123664616
11225,十三厂,周市路,0.46154735078292014
11226,康沈路,沪南公路,0.3356177422425281
11227,金港路,金湘路,0.35098372601408795
11228,金豫路,金港路,0.36736958934517205
11229,金皖路,金豫路,0.31767302538231124
11230,申江,金皖路,0.3096153846153846
11231,金湘路,金沪路,0.32355330865757875
11232,上塑二厂,塘桥路,0.489010989010989
11233,浦东南路,上塑二厂,0.5020528476681756
11234,郭守敬路,祖冲之路,0.29411764705882354
11235,李时珍路,郭守敬路,0.29410984697801473
11236,万福桥,东后老街,0.23109093081610707
11237,东后老街,新场大街,0.3333333333333333
11238,万安路,小桥头,0.0
11239,笋西路,环城西路,0.5
11240,笋中路,笋西路,0.5
11241,奉新公,笋中路,0.5
11242,新场大街,海泉街,0.3333333333333333
11243,海泉街,新奉公路,0.32947976878612717
11244,新奉公路,新奉公路,0.0
11245,新奉公路,新环西路,0.4791666666666667
11246,芳华路,芳草路,
11247,金民路,新苑路,0.4085064292779426
11248,银河路,金民路,0.3947368421052631
11249,新苑路,成人学校,0.40774434336365756
11250,泰环路(原半环路),环林西路,0.46651714194168536
11251,环林西路,南林路,0.46080878681977033
11252,界龙一路,华夏二路,0.3069958210803281
11253,华夏二路,锦川路,0.3218396410456496
11254,艳阳路,妙境路,0.27472600464961805
11255,妙境路,界龙一路,0.34250614250614253
11256,川沙路,艳阳路,0.27034893559413814
11257,河滨路,曙光路,0.2901455871808461
11258,曙光路,川黄路,0.26871511963564054
11259,杨高中路,胶东路,0.3758034894398531
11260,胶东路,长岛路,0.294098636157973
11261,浦东南路,浦庭路,0.4308768154922001
11262,浦庭路,浦华路,0.45702647657841144
11263,浦华路,浦逸路,0.5049618320610687
11264,浦逸路,临沂北路,0.4624648735447612
11265,福山路,东方路,0.3939466817378338
11266,竹林路,福山路,0.45547231018768825
11267,世纪大道,竹林路,0.44054652880354506
11268,南泉路,浦东南路,0.3075
11269,崂山东路,南泉路,0.3198265827696149
11270,东方路,崂山东路,0.3120198265179678
11271,源深路,松林路,0.47207084468664856
11272,松林路,世纪大道,0.518484001242622
11273,浦东南路,浦城路,0.2482210822439186
11274,浦城路,浦明路,0.2540220152413209
11275,福山路,东方路,0.2016152252536957
11276,即墨路,浦东南路,0.1472134993000643
11277,南泉北路,即墨路,0.2059168051431529
11278,荣成路,南泉北路,0.17943438435597503
11279,德平路,万德路,0.21885913853317812
11280,金桥路,友林路,0.22245493305408034
11281,万德路,罗山路,0.19950926411789485
11282,莱阳路,金桥路,0.32886435331230285
11283,龙居路,德平路,0.26366976442619405
11284,居家桥路,龙居路,0.20116880197797257
11285,友林路,云山路,0.12861136999068035
11286,五莲路,莱阳路,0.39392687461268333
11287,利津路(2),五莲路,0.5667675021607606
11288,苗圃路,巨野路,0.177674833821915
11289,源深路,福山路,0.1875207291756237
11290,桃林路,源深路,0.18080540638645412
11291,民生路,桃林路,0.1985414346905815
11292,东方路,荣成路,0.19251611138651945
11293,北洋泾路,苗圃路,0.2060867913778369
11294,崮山路,北洋泾路,0.20270748255570917
11295,歇浦路,崮山路,0.20129629004489752
11296,罗山路,歇浦路,0.20425474619631073
11297,巨野路,民生路,0.15301162901032167
11298,九号桥,东波路,0.11082841441074699
11299,云山路,居家桥路,0.2030789387487717
11300,东波路,利津路(2),0.31464662282075373
11301,龙阳路,东三里桥路,0.20916012108899637
11302,华丰路,东方路,0.2669854922023677
11303,南码头路,华丰路,0.2882165038666486
11304,塘桥路,浦建路,0.21993083935869223
11305,沂林路,莲南,0.28365108061467664
11306,宁阳路,塘桥路,0.2557676542920717
11307,峨山路,宁阳路,0.2746798491402271
11308,张家浜路,峨山路,0.19651067198489783
11309,浦电路,张家浜路,0.28513909224011713
11310,潍坊路,浦电路,0.3024401773740218
11311,商城路,张扬路,0.35527039413382216
11312,东昌路,商城路,0.2901244082351646
11313,世纪大道,东昌路,0.10288804613692974
11314,栖霞路,世纪大道,0.0
11315,浦东大道,栖霞路,0.3016101271858911
11316,张扬路,潍坊路,0.2884092548410364
11317,洪山路,上南路,0.15730337078651685
11318,云台路,洪山路,0.14515827846292492
11319,高科西路,云台路,0.1422568580411557
11320,莲南,高科西路,0.2916534788032246
11321,东三里桥路,浦三路,0.1988898000378477
11322,浦三路,南码头路,0.3595579412693401
11323,微山路,龙阳路,0.2292945292645622
11324,浦建路,微山路,0.2224924063307222
11325,东方路,沂林路,0.33251102739083216
11326,泰同栈,银城中路,0.30286790266512165
11327,银城中路,东城路,0.2881467935024819
11328,东城路,浦东大道,0.19239231408595317
11329,川南奉公,镇西村,0.0
11330,红村1号,川南奉公,0.0
11331,浦建路,浦澳路,0.580387685290764
11332,东方路,南泉路,0.3746577686516085
11333,杨高,东方路,0.19809505483933038
11334,南泉路,浦东南路,0.3225691913812113
11335,东昌路,张杨路,0.25
11336,张家浜桥,塘桥路,0.3159887626725296
11337,浦电路,张家浜桥,0.30434782608695654
11338,张杨路,潍坊西路,0.36695689105967294
11339,潍坊西路,浦电路,0.3669898321116103
11340,浦庭路,浦逸路,0.431791221826809
11341,浦逸路,临沂北路,0.6203118415507796
11342,华夏西路,东、西泰林路,0.41646514562086007
11343,齐河路,昌里东路,0.4242567248702218
11344,东方路,齐河路,0.3597476498254835
11345,临沂路,东方路,0.43247853363786176
11346,浦东南路,临沂路,0.44769197584124243
11347,昌里东路,杨高南路,0.4292657735654181
11348,东、西泰林路,御桥路,0.1413642456436479
11349,成山路,华夏西路,0.1998481498535982
11350,御桥路,永泰路,0.1424465174920622
11351,浦阳路,浦润路,0.40888394212283724
11352,浦润路,浦澳路,0.4139494709565968
11353,浦阳路,浦润路,0.4137309125886738
11354,浦润路,浦澳路,0.4247527045356801
11355,高桥路,川六公,0.31511552147546734
11356,川六公,周祝公,0.0
11357,联络道,;六陈,0.0
11358,景园街,幼托中心,0.20892494929006084
11359,龙居路,德平路,0.33043581805191713
11360,友林路,云山路,0.2223877817098156
11361,金桥路,枣庄路,0.3407690673465052
11362,巨野路,民生路,0.5555304133844348
11363,苗圃路,巨野路,0.5131879930908921
11364,居家桥路,龙居路,0.26510859301227574
11365,北洋泾路,苗圃路,0.5040849082522376
11366,云山路,居家桥路,0.31611495089123315
11367,德平路,万德路,0.294940796555436
11368,枣庄路,友林路,0.22412807318467695
11369,万德路,罗山路,0.2874074074074074
11370,崮山路,北洋泾路,0.3299531757203183
11371,崂山西路,浦东南路,0.31664562133254104
11372,崂山东路,崂山西路,0.43431803896920174
11373,东方路,崂山东路,0.45254388574828924
11374,钱仓路,东方路,0.45571595786188057
11375,福山路,钱仓路,0.4511963539688569
11376,东明路,云莲路,0.34650491450743903
11377,南码头路,东明路,0.34615589139289776
11378,浦三路,南码头路,0.33603563964360356
11379,云台路,洪山路,0.4179086794777622
11380,云莲路,云台路,0.3337493718898416
11381,张杨北路,繁锦路,0.35375264631564574
11382,繁锦路,莱阳路,0.3733818427954988
11383,浦城路,浦明路,0.18057263305814159
11384,金亭路,小区围墙,0.2777878472064887
11385,沪南路,锦绣路,0.36
11386,浦东大道,栖霞路,0.5246697222971152
11387,崂山西路,浦东南路,0.0
11388,东城壕路,南市街,0.0
11389,南市街,北市街,0.0
11390,北市街,西泥路,0.4450220951390694
11391,西泥路,石皮路,0.473299788995293
11392,石皮路,西头,0.43409388170324076
11393,场署街,中市街,0.0
11394,源深路,松林路,0.4383191179529852
11395,金辽路,申江,0.2644367308299148
11396,金吉路,金辽路,0.2794803464357095
11397,金穗路,金吉路,0.240685789647214
11398,德川路,德翔路,0.21739130434782608
11399,德翔路,华夏三路,0.33591331269349844
11400,丰海路,观海路,0.25
11401,观海路,学海路,0.2857142857142857
11402,川南奉公,镇西路,0.0
11403,红楼,川南奉公,0.0
11404,广兰路,创新河桥,0.39974906581567243
11405,创新河桥,丹桂路,0.4000474692933009
11406,妙境路,华夏一路,0.5832286432160804
11407,华夏一路,华夏二路,0.58325952170062
11408,华夏二路,华东路,0.5862814465408805
11409,华东路,华夏三路,0.0
11410,大同路,张扬北路,0.5116246711192066
11411,张扬北路,和龙路,0.3939393939393939
11412,和龙路,浦东北路,0.33962152221629
11413,华夏东路,新德路,0.0
11414,兰谷路,兰嵩路,0.40709534368070954
11415,兰嵩路,张杨北路,0.3546406411582213
11416,张杨北路,季景路,0.3837769328263625
11417,季景路,杨高北路,0.38379641651519086
11418,申江路,盛夏路,0.30000488866075137
11419,申江路,盛夏路,0.30000488866075137
11420,工农北路,县东街,0.5140957446808511
11421,工农南路,工农北路,0.46179935737236694
11422,城东,惠南梅花路,0.24632152588555858
11423,惠南梅花路,运河路,0.18181818181818182
11424,运河路,三八路,0.4247422680412371
11425,三八路,工农南路,0.45658120994216034
11426,靖海路,城东,0.0916148832404017
11427,县东街,北门大街,0.6484282520057872
11428,靖海路,政海路,0.2702702702702703
11429,政海路,丰海路,0.2777777777777778
11430,丰海路,观海路,0.23255813953488372
11431,观海路,学海路,0.23255813953488372
11432,南六公路,大川公路,0.2891566265060241
11433,大川公路,听潮路,0.2608695652173913
11434,北门大街,城西路,0.45506692160611856
11435,城西路,通济路,0.302491103202847
11436,通济路,听潮路,0.2974910394265233
11437,仁义路牌楼东路,仁义路六灶港桥,0.2
11438,六灶港桥,沪南公路,0.06715183592457824
11439,外中1组,大泥公路,0.0
11440,昌邑路,浦东大道,0.39957716701902746
11441,华夏三路,德翔路,0.2857802542868577
11442,德翔路,德川路,0.27914491672880937
11443,德川路,曹家沟,0.2910142718581128
11444,海趣路,哥白尼路,0.37498993477735726
11445,申江,金京路,0.27945859872611467
11446,金穗路,金吉路,0.3
11447,金吉路,申江,0.35522553269993545
11448,福山路,东方路,0.23689915921950186
11449,松林路,福山路,0.2734404384503788
11450,源深路,松林路,0.1979159180740208
11451,东方路,崂山东路,0.3657709669295
11452,崂山东路,崂山西路,0.1198681450404555
11453,锦锈东路,来安路,0.25
11454,来安路,上安路,0.25
11455,川沙路,艳阳路,0.272477075246073
11456,艳阳路,妙境路,0.263041941370863
11457,妙境路,华夏二路,0.26230474506336576
11458,华夏二路,锦川路,0.2698809713870115
11459,锦川路,华东路,0.2768626966222689
11460,人民东路,东门大街,0.40025512011905606
11461,东门大街,东门居委会,0.2631578947368421
11462,东门大街,农工村,0.0
11463,杨高南路,环林东路,0.21613437813286415
11464,环林东路,东明路,0.29019886363636366
11465,东明路,环林西路,0.2630093574887112
11466,永泰路,三林塘港,0.3287671232876712
11467,洪通路,上塘新村42号,1.0
11468,南团公路,洪通路,1.0
11469,操场街,北市街,0.0
11470,北市街,西泥路,0.0
11471,西泥路,毛巾厂,0.0
11472,毛巾厂,北城壕路,0.0
11473,龙游港,下盐路,0.0
11474,下盐路,三灶东、西街,0.0
11475,南六公,红三港路,0.0
11476,贸易巷,三灶北街,0.0
11477,红三港路,贸易巷,0.0
11478,三灶西街,三灶港南界沟北口,0.0
11479,三灶北街,三灶南街,0.0
11480,三灶南街,耕耘路,0.0
11481,耕耘路,腰,0.0
11482,随塘,川南奉公,0.0
11483,崂山东路,崂山西路,0.3317319051744506
11484,东方路,崂山东路,0.32373186487345124
11485,民生路,桃林路,0.3
11486,源深路,松林路,0.2808433976112631
11487,松林路,福山路,0.2970764971980285
11488,福山路,东方路,0.3146811782799006
11489,崂山西路,浦东南路,0.3348133530669298
11490,浦东南路,浦城路,0.3063233793466925
11491,浦城路,浦明路,0.3508074403615091
11492,桃林路,源深路,0.36363636363636365
11493,川沙路,虹盛路,0.37561942517343905
11494,虹盛路,王港路,0.4173869240150591
11495,王港路,宏雅路,0.4284983440588061
11496,宏雅路,华东路,0.36426141920791794
11497,华东路,卡园二路,0.20833333333333334
11498,卡园二路,顾唐路,0.20833333333333334
11499,世博大道,博成路,0.4
11500,博成路,国展路,0.4
11501,哥白尼路,川和路,0.13455920478545141
11502,川和路,纳贤路,0.14254759325181862
11503,纳贤路,金科路,0.12622849000767236
11504,雪野二路,浦东南路,0.3230769230769231
11505,世博大道,博成路,0.3230769230769231
11506,博成路,国展路,0.3230769230769231
11507,国展路,雪野二路,0.3230769230769231
11508,浦东南路,昌里路,0.26679135396197823
11509,德州路,川杨河桥,0.2884798849309439
11510,成山路,德州路,0.2613586680373876
11511,昌里路,成山路,0.27692429611348224
11512,凌兆路,三林路,0.21220793334540844
11513,三林路,永泰路,0.27180501182408934
11514,永泰路,外环线,0.3042276313127908
11515,杨思路,恒大路,0.3020215515626756
11516,后长街,杨思路,0.4623655913978495
11517,川杨河桥,杨新路,0.34497816593886466
11518,杨新路,后长街,0.33683136569013256
11519,恒大路,海阳路,0.37696514012303484
11520,海阳路,杨南路,0.2598928855957376
11521,杨南路,凌兆路,0.24368428239792433
11522,长清路,济阳路,0.4
11523,杨思港,灵岩南路,0.3897058823529412
11524,灵岩南路,长清路,0.4
11525,芳草路,高科西路,0.2857142857142857
11526,芳华路,芳草路,0.2857142857142857
11527,环湖大道,A2高速路,0.23178582513190696
11528,巨野路,民生路,0.375
11529,民生路,桃林路,0.34871080139372823
11530,苗圃路,巨野路,0.3023912634155526
11531,宣桥6组,南宣公,0.0
11532,宣镇东路,南宣公,0.0
11533,张衡路,益江路,0.375
11534,益江路,高科中路,0.375
11535,金秋路,祖冲之路,0.24999768999768998
11536,祖冲之路,银冬路,0.2499982326285056
11537,银冬路,高科中路,0.33332997349084276
11538,新开河街,高压走廊,0.4000034799554566
11539,红心河桥,陈家宅路,0.4296212549462973
11540,航城五路,航城七,0.4637904468412943
11541,施新,航城五路,0.4666666666666667
11542,施新路,航城三路,0.43416470588235295
11543,航城三路,断头路,0.4734532689776218
11544,水闸南路,施新路,0.21474268244352604
11545,石码头港,远航,0.3333333333333333
11546,远航,镇南,0.3549905838041431
11547,施新,航城五路,0.39253539253539255
11548,航城七路,远航路,0.4300073547438098
11549,航城七路,航城五路,0.5188133140376266
11550,航城五路,施新路,0.4706130483689539
11551,施新路,航城四路,0.46865335957267357
11552,川汇二路,川汇路,0.5799591263252012
11553,川汇路,跨线桥,0.32177907705157655
11554,围场河,川汇三路,0.37553956834532376
11555,川汇三路,川汇二路,0.34060135790494667
11556,川汇三路,川汇二路,0.30427324554765145
11557,川汇二路,川汇路,0.2588887499478971
11558,学才路,施新,0.0
11559,浦东运河桥,太平桥南,0.0
11560,季景北路,慈善街,0.23357664233576642
11561,慈善街,树德街,0.0
11562,树德街,大同路,0.32653061224489793
11563,梅花路,樱花路,0.45161290322580644
11564,樱花路,兰花路,0.45161290322580644
11565,老芦公,芸香路,0.0
11566,芸香路,中学,0.0
11567,乔家浜路,新川路,0.4583373470763896
11568,西市街,益民路,0.0
11569,益民路,乔家浜路,0.0
11570,东后老街,工农桥,0.22308733920108328
11571,工农桥,新奉公路,0.4230769230769231
11572,新奉公路,新环西路,0.16957026713124274
11573,倪桥,东后老街,0.0
11574,陆家嘴环路,富城路,0.0
11575,华丰路,沂南路,0.39988824734587447
11576,沂南路,西三里桥路,0.4
11577,西三里桥路,世博大道,0.3333333333333333
11578,龙阳路,胶南路,0.0
11579,胶南路,南码头路,0.1326530612244898
11580,后滩路,国展路,0.17777777777777778
11581,南码头路,世博村路,0.17721518987341772
11582,世博村路,雪野路,0.15397631133671744
11583,雪野路,白莲泾路,0.14444444444444443
11584,白莲泾路,高科西路,0.15730337078651685
11585,高科西路,上南路,0.17777777777777778
11586,上南路,周家渡路,0.17777777777777778
11587,周家渡路,世博馆路,0.17582417582417584
11588,世博馆路,长清北路,0.17777777777777778
11589,长清北路,塘子泾路,0.17777777777777778
11590,塘子泾路,上钢路,0.23809523809523808
11591,上钢路,后滩路,0.17976886859751748
11592,雪野二路,国展路,0.4
11593,国展路,博成路,0.4
11594,博成路,世博大道,0.4
11595,长清路,雪野二路,0.375
11596,银城中路,明珠环,0.30558574222995
11597,东方路,潍坊路,0.5081340513993917
11598,潍坊路,向城路,0.5582793927773274
11599,向城路,浦电路,0.41933096850621016
11600,浦电路,杨高南路,0.5288309083266347
11601,银城中路,陆家嘴环路,0.22085013247321736
11602,陆家嘴环路,浦东南路,0.37703412382544804
11603,浦东南路,崂山西路,0.3649530400395452
11604,崂山西路,崂山东路,0.3896062271062271
11605,崂山东路,东方路,0.4348806445793999
11606,明珠环,银城中路,0.21801829741045123
11607,杨高南路,丁香路,0.6903696510012661
11608,丁香路,迎春路,0.6576989124212936
11609,迎春路,锦绣路,0.7301747930082797
11610,利津路(2),五莲路,0.4235237753024314
11611,文心路,乐群路,0.0
11612,乐群路,老芦公,0.0
11613,石家街,高桥西街,0.07366071428571429
11614,利津路(1),曹家沟,0.2992675864418327
11615,五莲路,利津路(1),0.3577029520295203
11616,杨高路,五莲路,0.30406700262616226
11617,灯饰厂,马五公,0.0
11618,粮管所路,川南奉公,0.0
11619,星红路,川南奉公,0.0
11620,西横港路,川南奉公,0.0
11621,蓝云路,东翔路,0.0
11622,东翔路,宛虹路,0.0
11623,新民河,规划一路,0.44736204808856594
11624,规划一路,规划二路,0.4166666666666667
11625,灵岩南路,南杨小区,0.375
11626,灵山路,杨高路,0.19968051118210864
11627,青平路,张扬路,0.41935483870967744
11628,潍坊路,向城路,0.5221095334685598
11629,向城路,浦电路,0.4375124005202707
11630,商城路,青平路,0.47058823529411764
11631,乳山路,商城路,0.4375
11632,春晓路,祖冲之路,0.3902668759811617
11633,碧波路,春晓路,0.3889549702633815
11634,景明,碧波路,0.4081698295271792
11635,祖冲之路,晨晖路,0.30895748987854255
11636,朝阳西,笋心路,0.0
11637,笋中路,新环西路,0.3142857142857143
11638,奉新公,笋中路,0.31432219621196
11639,牌楼西路,笋心路,0.4936708860759494
11640,笋心路,新艺路,0.33822045867240563
11641,新艺路,石笋街,0.16167664670658682
11642,胶东路,杨高北路,0.25
11643,长岛路,胶东路,0.4
11644,博兴路,长岛路,0.4
11645,东陆路,金粤路,0.34349355216881594
11646,永泰路,东明路,0.39348735674004004
11647,东明路,永泰路,0.4211106156388532
11648,秀来弄,荷花路,0.0
11649,东庄路,永进路,0.0
11650,绿宝路,秀来弄,0.0
11651,永进路,绿宝路,0.0
11652,集市弄,集市弄19号,0.0
11653,集市弄,集市弄,0.41666666666666663
11654,集市弄,新坦瓦公,0.0
11655,秀丰路,文院街,0.0
11656,文院街,集市弄,0.0
11657,南八灶,康沈路,0.0
11658,南泉路,浦东南路,0.0
11659,华东路,经北六路,0.17142857142857143
11660,经六北路,经五路,0.17142857142857143
11661,经五路,顾唐路,0.17142857142857143
11662,顾唐路,华东路,0.20636066899679367
11663,龙阳路,南码头路,0.0
11664,茂兴路,渡口,0.41363827697488426
11665,浦东南路,茂兴路,0.42817502668089646
11666,世博大道,博成路,0.375
11667,博成路,国展路,0.375
11668,国展路,雪野二路,0.375
11669,芦港七组桥,老芦公,0.0
11670,昌邑路,浦东大道,0.25
11671,杨高中路,丁香路,0.2356771229500715
11672,浦东大道,乳山路,0.30988593155893535
11673,乳山路,商城路,0.30987427169579884
11674,商城路,沈家弄路,0.3098912662223781
11675,沈家弄路,张扬路,0.30985306828003456
11676,张扬路,羽山路,0.30245266234591434
11677,羽山路,灵山路,0.29754287176862043
11678,灵山路,杨源路,0.32055262340887924
11679,沪南公,汇成路,0.0
11680,慈善街,大同路,0.0
11681,南北大街,川南奉公,0.2727272727272727
11682,沪南公路,西门路,0.0
11683,西门路,人民西路,0.0
11684,人民西路,拱极路,0.0
11685,拱为路,拱北路,0.2222222222222222
11686,拱北路,拱极路,0.18604651162790697
11687,一灶港桥,西门路,0.47741273100616016
11688,拱为路,拱北路,0.2765273311897106
11689,拱北路,拱极路,0.3912417359429208
11690,人民西路,一灶港桥,0.4
11691,小区,川南奉公,0.0
11692,联络道,小区,0.0
11693,华洲,联络道,0.0
11694,远东大道,川南奉公,0.0
11695,华洲东,远东大道,0.0
11696,杨高北路,兰谷路,0.25619214410808105
11697,兰谷路,兰嵩路,0.2499278261228193
11698,兰嵩路,张杨北路,0.22197937299364798
11699,沪南公路,西门路,0.43010752688172044
11700,文化路口,人民西路,0.5341614906832298
11701,人民西路,惠南西门路,0.504853675945753
11702,文化路,拱极路,0.6293706293706294
11703,耀龙路,济明路,0.3053780277369464
11704,济明路,经四路,0.26061154485574195
11705,南滨公,学校支,0.4444444444444444
11706,玉兰路,南滨公,0.0
11707,永发路,玉兰路,0.0
11708,学校支,老芦公,0.0
11709,临海路,永发路,0.0
11710,英姿路,风采路,0.0
11711,盐朝公,英姿路,0.17001460920379838
11712,南宣公,奉惠港路,0.0
11713,北市河,车站路,0.0
11714,浦东大道,栖山路,0.0
11715,周浦建设路,卫生院西口,0.0
11716,育才路,周浦建设路,0.0
11717,沪南路,马路港,0.0
11718,顺航路,盐朝公,0.0
11719,际和路,顺航路,0.0
11720,江明路,川南奉,0.45230574857864814
11721,东亭,江明路,0.46166394779771613
11722,栖山路,浦东大道,0.2
11723,博山东路,栖山路,0.1827075240972522
11724,祥和,振万路,0.505586592178771
11725,三三公,祥和,0.5103734439834025
11726,三三公,万耘路,0.5714285714285714
11727,万耘路,织布厂,0.0
11728,三三公,祥和,0.35807103667340456
11729,祥和,振万路,0.3623283191628515
11730,振万路,万耘路,0.37147575793323107
11731,宣桥镇派出所,南宣公,0.0
11732,万祥学校,万牧路,0.1282051282051282
11733,万牧路,万祥街,0.051521099116781155
11734,季景北路,大同路,0.2553191489361702
11735,东后老街,新场7组,0.0
11736,倪家木桥,东后老街,0.0
11737,王乔街桥,北门外街,0.0
11738,界浜路,砖桥街,0.0
11739,围场河,界河街,0.0
11740,茂兴路,港区门口,0.47841985853463237
11741,浦东南路,茂兴路,0.534481612023675
11742,原县种子公司,人民西路,0.205965061780997
11743,解放路,邮电房产,0.0
11744,崂山西路,浦东南路,0.4411565547128928
11745,崂山东路,崂山西路,0.4416360294117648
11746,东方路,崂山东路,0.4405
11747,福山路,东方路,0.4
11748,源深路,福山路,0.39999999999999997
11749,浦城路,浦明路,0.21524663677130046
11750,浦东南路,浦城路,0.3214649033570702
11751,云台路,川杨河,0.3176470588235294
11752,南祝公路,南门大街,0.48780326393392714
11753,南门大街,城基路,0.6585365853658537
11754,惠南北门路,城西路,0.1962314826471946
11755,城西路,通济路,0.223115193264447
11756,通济路,听潮路,0.36363636363636365
11757,川周公,关岳路,0.37317101720707013
11758,关岳路,赵沟浜,0.0
11759,中山东路,大会堂,0.0
11760,向阳东路,中山东路,0.0
11761,爱民路,川南奉公,0.0
11762,汇民路,爱民路,0.0
11763,弘中路,书塘路,0.4
11764,小学,坦直路,0.0
11765,雪连路,小学,0.0
11766,凌河路,东陆路,0.2819435454675107
11767,归昌路,凌河路,0.20186370782164906
11768,巨峰路,归昌路,0.2
11769,双桥路,巨峰路,0.3441669517618885
11770,东陆路,荷泽路,0.375
11771,荷泽路,张杨北路,0.37615299068885066
11772,莱阳路,浦东大道,0.375062744704347
11773,寿光路,莱阳路,0.38373936860314256
11774,兰城路,寿光路,0.375
11775,张杨北路,兰城路,0.375
11776,晨阳路,纬一路,0.12173913043478261
11777,次进场路,晨阳路,0.1154518398898931
11778,康沈路,周康路,0.0
11779,西市街,新源路,0.0
11780,新德路,西市街,0.0
11781,新源路,新川路,0.0
11782,水闸南路,兴滨路,0.0
11783,沪南公,汇成路,0.0
11784,南门大街,城基路,0.30434782608695654
11785,听潮路,通济路,0.34138833165392474
11786,通济路,城西路,0.4159021406727828
11787,城西路,城基路,0.3087378640776699
11788,听潮路,听悦路,0.26104486574590374
11789,听悦路,大川公路,0.48248133256748993
11790,周浦建设路,剧院路,0.0
11791,北城壕路,三灶浜路,0.0
11792,三灶浜路,西市街,0.0
11793,西市街,乔家浜路,0.0
11794,南码头路,储运仓库,0.39030942672103625
11795,北市街,西泥路,0.5315904139433552
11796,西泥路,石皮路,0.5536927956502039
11797,石皮路,益民路,0.0
11798,益民路,西河浜路,0.0
11799,西河浜路,新路,0.0
11800,新路,川沙路,0.5000304971027753
11801,浦三路,御桥路,0.25164890552995395
11802,御桥路,永泰路,0.2514715935826978
11803,永泰路,同汾泾,0.25221897362655443
11804,成山路,德州路,0.3111331778398725
11805,耀华路,成山路,0.21464595280960502
11806,高荷路,高城路,0.49535382416011436
11807,高城路,春阳路,0.4950592885375494
11808,春阳路,春晖路,0.4948509485094851
11809,春晖路,莱阳路,0.49531163816878104
11810,高科西路,川杨河,0.30920093321668124
11811,咸塘港,沪南公,0.0
11812,沉墙,沪南公,0.30364675466049806
11813,下塘街,新场小学,0.0
11814,三灶北街,腰,0.0
11815,贸易巷,三灶北街,0.0
11816,红三港路,贸易巷,0.0
11817,亦园路,南六公,0.0
11818,幼儿园,亦园路,0.0
11819,南六公,红三港路,0.0
11820,荷花路,新坦瓦公,0.0
11821,绿宝路,荷花路,0.0
11822,东庄路,绿宝路,0.0
11823,张杨北路,季景路,0.5884537176200159
11824,季景路,杨高北路,0.6386595911949685
11825,莱阳路,张杨北路,0.3837694349639742
11826,渔牧公司,人民东路,0.0
11827,向阳西路,中山路,0.0
11828,西门大街,向阳西路,0.0
11829,广兰路,丹桂路,0.4101319305510864
11830,大泥公路,南芦公,0.0
11831,兴黄路,泥城路,0.0
11832,海趣路,哥白尼路,0.38125472411186695
11833,川沙路,妙境路,0.29827089337175794
11834,妙境路,界龙一路,0.3237095363079615
11835,松林路,世纪大道,0.48667023145672605
11836,世纪大道,福山路,0.5431754874651811
11837,福山路,东方路,0.4444780635400908
11838,鹿溪路,五金三厂,0.0
11839,南六公,鹿溪路,0.0
11840,工农南路,文体路,0.21212121212121213
11841,文体路,南门大街,0.0
11842,香光路,城基路,0.3993639254884144
11843,公安路,香光路,0.3482968048587272
11844,南门大街,公安路,0.24463906239938177
11845,招远路,栖霞路,0.4545454545454546
11846,草高支路,港城路,0.3601513240857503
11847,川周公,东大街,0.39473684210526316
11848,笔化路,川周公,0.40544339381548683
11849,马桥浜,大道,0.3
11850,渡口,马桥浜,0.3
11851,振庭路,兰嵩路,0.31401869158878504
11852,恒和一,康桥中路,0.0
11853,界河南,恒和一,0.0
11854,洪桥,牌楼西路,0.0
11855,牌楼西路,石笋街,0.0
11856,东后老街,南山寺,0.0
11857,南山寺,敬老院,0.0
11858,石笋路,东后老街,0.0
11859,沪南公路,洪桥,0.0
11860,新场大街,后心港,0.0
11861,新场大街,工农桥,0.0
11862,东后老街,新场大街159弄1号,0.0
11863,新场大街,后心港,0.0
11864,新场大街,东后老街,0.0
11865,新场大街,东后老街,0.0
11866,新场大街,后心港,0.0
11867,新场大街,新场大街302弄1号东侧,0.0
11868,新场大街,东后老街,0.0
11869,新场大街,东后老街,0.0
11870,新场大街,二职校,0.0
11871,26厂东门,新场大街,0.0
11872,新场大街,26厂北门,0.0
11873,新场大街477弄1号,沪南公路7310号,0.0
11874,新场大街463号,新场大街490弄62号,0.0
11875,新场大街,东横港,0.0
11876,新场大街,后心港,0.0
11877,下塘街466弄,新场小学,0.0
11878,育建路,泥城路,0.6073298429319371
11879,泥城医院,育建路,0.6568593910366063
11880,泥城路,银品路,0.5715364288410721
11881,华城路,华夏二路,0.3732391155687258
11882,华夏二路,华东路,0.15972422723256077
11883,华东路,华夏三路,0.19906373475347877
11884,护塘街,东门外街,0.0
11885,东门外街,东城壕路,0.0
11886,东城壕路,南市街,0.504264535744074
11887,南市街,北市街,0.5394616788321168
11888,川黄路、北市街,石皮路,0.5101265104668974
11889,石皮路,西河浜路,0.47802650471953484
11890,西河浜路,临园路,0.5215041657284395
11891,临园路,川沙路,0.5206335973322218
11892,川沙路,进贤路,0.42601380985582865
11893,进贤路,妙境路,0.4413134035775545
11894,妙境路,华城路,0.35234421364985163
11895,华夏二路,围墙,0.70276008492569
11896,杨新路,后长街,0.24815724815724816
11897,北油车弄,年家浜路,0.0
11898,新德支路,西河浜路,0.0
11899,西河浜路,川沙路,0.41284403669724773
11900,川沙路,广厦路,0.6099824224338797
11901,广厦路,民贤路,0.5299808525647486
11902,民贤路,情谊路,0.4943958868894602
11903,情谊路,妙境路,0.4844205605224474
11904,妙境路,华夏一路,0.5020787531834309
11905,华夏一路,华夏二路,0.5678746603620453
11906,华夏二路,华东路,0.6111475171108198
11907,德翔路,德川路,0.27809844305765585
11908,德川路,西顶头,0.25
11909,华夏三路,德翔路,0.27559866321582027
11910,华夏东路,新德路,0.0
11911,围场河,川南奉公,0.0
11912,工农桥,果品仓库路,0.0
11913,新奉公路124弄1支弄,港西街,0.0
11914,新奉公路124弄,石笋街,0.0
11915,新奉公路124弄,港西街,0.0
11916,新奉公路,40号土产部,0.0
11917,新奉公路,新场大街,0.0
11918,白龙港桥,新卫路,0.0
11919,新卫路,老芦公,0.0
11920,川南奉公,共和路桥共司,0.0
11921,人民东路,东门大街,0.0
11922,新环南路延伸段,新环西路,0.16115368496677246
11923,新环西路,新奉公路,0.19551396639360824
11924,新奉公路,后市河桥,0.1460415065334358
11925,后市河桥,玉皇港桥,0.20011203045709375
11926,玉皇港桥,新环东路,0.21367521367521367
11927,沪南公路,六灶港桥,0.20396377477359234
11928,牌楼西路,笋心路,0.2340135089616537
11929,六灶港桥,牌楼西路,0.22360815333130515
11930,笋心路,五灶港桥,0.12071967498549042
11931,五灶港桥,笋南路,0.14689802064820717
11932,笋南路,新环南路,0.17218543046357618
11933,沪南公路,三号河桥,0.10708853057499239
11934,三号河桥,新环北路,0.14242292661745548
11935,东陆路,金皖路,0.32216054654141757
11936,申江路,东陆路,0.263243211949285
11937,冀桥路,申江路,0.2636734693877551
11938,金苏路,冀桥路,0.25497222719942664
11939,金穗路,金苏路,0.2214565095921028
11940,金桥路,红枫路,0.2730210016155089
11941,金藏路,金桥路,0.2172229978423658
11942,金皖路,金豫路,0.3506816990036707
11943,金沪路,金藏路,0.21872018129770993
11944,金湘路,金沪路,0.23687632605571146
11945,金港路,金湘路,0.3229544927760179
11946,金豫路,金港路,0.33375908822951467
11947,老芦公,新欣色织厂,0.0
11948,大道站路,顾全路,0.2940972495862558
11949,芸香路,卫生院桥,0.0
11950,老芦公,芸香路,0.0
11951,航东路,沪南公,0.0
11952,新欣东路,新府路,0.0
11953,新卫路,老芦公,0.0
11954,老芦公,乡村公,0.0
11955,奉新公,笋中路,0.3362255965292842
11956,笋中路,新环西路,0.0
11957,彭平公,彭新路,0.46153846153846156
11958,建中路,建苑路,0.502587098999655
11959,建苑路,建西路,0.5019878635697844
11960,建东路,建中路,0.5
11961,围场河,川南奉公,0.0
11962,沪南公,富航路,0.0
11963,富田路,航新北路,0.0
11964,富航路,富田路,0.0
11965,南芦公,香益路,0.0
11966,大泥公路,南芦公,0.0
11967,航新北路,中心河,0.0
11968,航新北路,中心河,0.0
11969,东波路,东陆路,0.43473684210526314
11970,泵站,东波路,0.3635964912280702
11971,盐朝公,水闸河路,0.0
11972,川南奉公,盐仓老街,0.0
11973,汇民路,爱民路,0.0
11974,爱民路,川南奉公,0.0
11975,汇民路,川南奉公,0.0
11976,南六公,红三港路,0.0
11977,雪连路,坦直路,0.0
11978,康柳路,康梧,0.0
11979,富丰庄路,坦南路,0.0
11980,康巴 ,康柳 ,0.0
11981,沪南公 ,康巴 ,0.0
11982,康柳 ,浦三 ,0.0
11983,沪南公,中心河,0.0
11984,宣城新村,南宣公,0.0
11985,南宣公,奉惠港路,0.0
11986,宣镇东路,南宣公,0.0
11987,生产河南路,宣桥大街,0.0
11988,川沙曙光路,川黄路,0.5807577045220738
11989,川环东路,川沙曙光路,0.5724879375667887
11990,川黄路,保健路,0.21391917896087234
11991,护塘街,川环东路,0.5853784551795401
11992,施湾中学,施镇街,0.0
11993,勤奋路,人民东路,0.18633540372670807
11994,人民东路,拱极路,0.18633540372670807
11995,拱极路,拱北路,0.16806722689075632
11996,拱北路,太平洋会议中心,0.18633540372670807
11997,文院街,集市弄,0.0
11998,秀丰路,文院街,0.0
11999,东庄路,秀丰路,0.0
12000,集市弄,新坦瓦公,0.0
12001,世博大道,后滩路,0.375
12002,后滩路,塘子泾路,0.375
12003,塘子泾路,长清路,0.3125
12004,长清路,世博馆路,0.3125
12005,世博馆路,周家渡路,0.3125
12006,周家渡路,上南路,0.3125
12007,上南路,洪山路,0.3125
12008,洪山路,云台路,0.3125
12009,云台路,高科西路,0.29577464788732394
12010,高科西路,白莲泾路,0.3125
12011,白莲泾路,华丰路,0.0
12012,耀华支路,上钢三厂,0.35183576198396344
12013,严民路,杨高路,0.2910079804808621
12014,严民路,严中路,1.0
12015,严杨路,严丰路,0.3855421686746988
12016,严丰路,严镇路,0.36360314270052985
12017,严镇路,高科西路,0.3630181877765034
12018,杨高南,严镇路,0.44406577489988924
12019,严镇路,高科西路,0.43994666158681783
12020,杨高南,严民路,0.45173475542011865
12021,严民路,严中路,0.4513853476117627
12022,严桥路,严民路,0.35714285714285715
12023,严民路,严中路,0.35714285714285715
12024,江宁路,严杨路,0.4591381872213967
12025,严杨路,严丰路,0.481582184242895
12026,严丰路,严镇路,0.46461406177657255
12027,严镇路,高科西路,0.4506957884065985
12028,人民东路,水闸桥,0.0
12029,水闸桥,东门大街,0.0
12030,东门大街,卫星东路,0.0
12031,南仓桥路,星粮路,0.0
12032,盐仓老街,南仓桥路,0.0
12033,川南奉公,盐仓老街,0.0
12034,川环南路,翔川路,0.4096762843068262
12035,翔川路,绣川路,0.333569844789357
12036,绣川路,平川路,0.32131516540053856
12037,平川路,川周公路,0.27592488088519973
12038,海关,A20,0.30290135692583214
12039,A20,港城路,0.19138613677342603
12040,长清路,杨思港桥,0.3120605732828556
12041,杨思港桥,上南路,0.3333333333333333
12042,洪山路,云台路,0.36363636363636365
12043,上南路,洪山路,0.34782608695652173
12044,杨南路,北侧高压线,0.4375
12045,云台路,洪山路,0.32108898821617227
12046,上南路,振兴路,0.5866407069042983
12047,灵岩南路,长清路,0.3507998824880485
12048,长清路,济阳路,0.36402433110252036
12049,振兴路,灵岩南路,0.38843849136411696
12050,洪山路,上南路,0.29889123188898714
12051,云台路,东明路,0.21875
12052,年家浜路,菜场路,0.29997572029783104
12053,盐业公司,上南路,0.3333435362176887
12054,上南路,长清路,0.296875
12055,杨高,源深路,0.17117834394904458
12056,耀江路,济明路,0.2
12057,济明路,济阳路,0.1904947789596955
12058,济阳,耀华厂,0.352104954581103
12059,西营路,济阳,0.25855267876353727
12060,长清路,西营路,0.2408213351636067
12061,历城路,长清路,0.23465964602841113
12062,耀华厂,黄浦江,0.3728744388518569
12063,上南路,历城路,0.17792612940662897
12064,耀江路,耀龙路,0.22781265908705242
12065,耀龙路,济明路,0.2648238426166027
12066,济明路,济阳路,0.26465465495015894
12067,雪野西路,克虏伯,0.2705932163522604
12068,耀华路,雪野西路,0.2038870688703206
12069,友诚路,耀华路,0.30195901823913535
12070,耀华路,德恒路,0.35341891537856956
12071,德恒路,德州路,0.2809786898184688
12072,德州路,耀川路,0.3924964868132945
12073,龙滨路,耀元路,0.20749100830956219
12074,耀元路,友诚路,0.27055429631155986
12075,雪野路,龙滨路,0.2764283378198194
12076,耀华路,德恒路,0.4195230415107339
12077,龙滨路,通耀路,0.46710675678035657
12078,德恒路,德州路,0.4176519854172825
12079,耀元路,友诚路,0.40491803278688526
12080,友诚路,耀华路,0.4500166541760346
12081,通耀路,耀元路,0.43530782092468395
12082,德州路,川杨河桥,0.18049425875672387
12083,耀江路,耀龙路,0.20000806972240154
12084,耀龙路,济明路,0.20000697252823874
12085,济明路,济明路往东120米,0.19999999999999998
12086,东大街,康桥中大街,0.0
12087,沪南公,职工新村,0.0
12088,东方路,浦东南路,0.45269453458039066
12089,南码头路,溶剂厂,0.4180327868852459
12090,胶南路,南码头路,0.5327666575267344
12091,高桥中学,高桥学前街,0.30697190426638915
12092,高桥学前街,高桥东街,0.3069306930693069
12093,高桥东街,界浜路,0.16028225806451613
12094,艺华服装厂,马五公,0.0
12095,龙游港,下盐路,0.0
12096,下盐路,三灶港,0.0
12097,盐朝公,英姿路,0.0
12098,英姿路,风采路,0.0
12099,张东路,盛夏路,0.42140641158221304
12100,盛夏路,张衡路,0.4098360655737705
12101,石皮路,西市街,0.0
12102,浦东南路,荣城路,0.8127024362765808
12103,浦东南路,陆家嘴环路,0.2856930994082665
12104,东园路,世纪大道,0.4149588891372929
12105,世纪大道,花园石桥路,0.37981686996473296
12106,花园石桥路,陆家嘴环路(南),0.34452610679577833
12107,陆家嘴环路,东园路,0.2849218675710799
12108,陆家嘴环路(南),东昌路,0.2677116915961313
12109,东园路,花园石桥路,0.0
12110,申江路,张东路,0.3333351825756987
12111,申江路,张东路,0.3333351825756987
12112,申江路,张东路,0.3333351825756987
12113,申江路,张东路,0.3333351825756987
12114,申江路,张东路,0.3333351825756987
12115,张东路,芳春路,0.27272921838883657
12116,申江路,芳春路,0.3126392938305164
12117,彭新路,爱华路,0.0
12118,彭平公,彭新路,0.0
12119,环林东路,环林东路,0.4140001277383918
12120,金桥路,紫竹路,0.3999645578592947
12121,紫竹路,翠柏路,0.3347066902099274
12122,大泥公路,新城西,0.0
12123,枣庄路,金口路,0.3299924830869456
12124,金口路,云山路,0.30046674445740956
12125,花木路,梅花路,0.36
12126,梅花路,樱花路,0.36
12127,樱花路,兰花路,0.39215686274509803
12128,兰花路,龙阳路,0.8187401986408781
12129,银城东路,金洲街,0.38461538461538464
12130,金洲街,浦东南路,0.4604496253122398
12131,浦东南路,即墨路,0.4176434299814929
12132,富田路,航新北路,0.0
12133,富航路,富田路,0.0
12134,图海路,益海路,0.0
12135,玉兰路,浦建路,0.3762494079354862
12136,海桐路,玉兰路,0.4619173428948858
12137,白杨路,海桐路,0.3549981045503863
12138,银霄路,白杨路,0.36
12139,石楠路,银霄路,0.36
12140,芳甸路,石楠路,0.375
12141,合欢路,锦带路,0.6436503129416515
12142,金松路,长柳路,0.3689374203203814
12143,长柳路,民生路,0.3333333333333333
12144,民生路,合欢路,0.3235980389586556
12145,丁香路,紫槐路,0.1544882790165809
12146,紫槐路,芳甸路,0.1913692276668683
12147,芳甸路,金松路,0.16694431223227035
12148,民生路,合欢路,0.1743192033136512
12149,锦带路,东绣路,0.23292744434037033
12150,靖海南路,男团公里,0.3125
12151,花园漾桥,义济桥,0.0
12152,永春中路,花园洋桥,0.22207459428679888
12153,永春北路42号,永春北路44弄30号,0.0
12154,永春北路180弄5号,永春北路44弄30号,0.0
12155,永春北路180弄38支弄4号,永春北路180弄,0.0
12156,永春北路268弄15号,永春北路372弄17号,0.0
12157,永春北路85弄1号,永春北路,0.0
12158,永春北路180弄38支弄4,永春北路180弄38支弄5,0.0
12159,永春北路88弄37号,永春北路180弄5号,0.0
12160,永定北路,永春中路,0.35548059268115634
12161,汽车洋桥,永定北路,0.25600270544470743
12162,镇阳路,汽车洋桥,0.3447615399348784
12163,南团公路,镇阳路,0.3214514407684098
12164,永春东路57号,永春中路42弄13号,0.0
12165,永宁东路,人民港桥,0.18303979737811024
12166,人民港桥,南芦公,0.2580103940745591
12167,永春中路126弄,团西村鸭场748号,0.0
12168,永春西二路88号,永春西二路86弄13号,0.0
12169,永春中路,浦东运河,0.2222222222222222
12170,永春西一路102号,永春西一路188号,0.0
12171,永春西一路46弄1号,永春西一路46弄40号,0.0
12172,永春西一路51弄3号,永春西一路41号,0.0
12173,永春西一路90弄14号,永春北路21弄,0.0
12174,永春北路,永春西一路,0.3529411764705882
12175,永春西一路,永宁东路,0.33889721461423183
12176,永春中路133号,团西村鸭场551号,0.0
12177,永春中路167弄1号,永春中路167弄61号,0.0
12178,永春中路167弄59号,永春中路135弄119号,0.0
12179,永春中路134弄,永春中路173号,0.0
12180,永春中路42弄17号,永春中路42弄72号,0.0
12181,永春中路64弄123号,永春东路67号,0.0
12182,永春中路86号,永春中路64弄23号,0.0
12183,永春中路1号,永春中路64弄15号,0.0
12184,永春东路,永宁东路,0.3000473260766683
12185,永定北路19弄,永定北路19弄51号,0.0
12186,军民新村8号门,永定北路路口,0.0
12187,军民新村8号门,永定北路路口,0.0
12188,永宁东路,平桥,0.46153846153846156
12189,永定南路110弄1号,永定南路110弄27号,0.0
12190,永定南路125号,团西村鸭场668号,0.0
12191,镇南村329号,镇南村538号,0.0
12192,永定南路140弄2号,太平桥,0.0
12193,永定南路157号1室,镇南村327号,0.0
12194,永定南路355号,永定南路106弄52号,0.0
12195,永宁西路,南芦公路,0.0
12196,永定南路210号,镇南村141号,0.0
12197,镇南村大杨282号,永定南路278号,0.0
12198,永定南路360弄20号,永定南路360弄16号,0.0
12199,永定南路191弄31号,永定南路86弄20号,0.0
12200,永定南路376弄1号,永定南路376弄4号,0.0
12201,永定南路38弄1号,镇南村348号,0.0
12202,老港垃圾处置场,通源东,0.0
12203,永春东路,永晖桥,0.0
12204,永晖桥,南芦公,0.0
12205,富丰庄路,坦南路,0.0
12206,中市路,航塘路,0.0
12207,永定北路,永春中路,0.2901109989909183
12208,永宁东路104号,永宁东路114号,0.0
12209,永宁东路124号,永宁东路146号,0.0
12210,永宁东路118号,永春南路122号,0.0
12211,南三支路2,永春中路32弄57号,0.09259259259259259
12212,永春中路,南三支路2,0.375
12213,环林西路,金谊河,0.24901668766945434
12214,东明路,环林西路,0.4013079036847985
12215,环林东路,东明路,0.2536162966586053
12216,杨高南路,环林东路,0.22307385077692618
12217,西泰林路,杨高南路,0.14004173429167632
12218,浦三路,西泰林路,0.14901992613936121
12219,东泰林路,浦三路,0.19922812141441534
12220,金谊河,上南路,0.2065073567521753
12221,三鲁路,灵岩南路,0.2916666666666667
12222,灵岩南路,三新路,0.2857142857142857
12223,耀江路,耀龙路,0.2000079085768516
12224,耀龙路,济明路,0.19999999999999998
12225,浦东大道,栖山路,0.34612105711849955
12226,老芦公,观潮路,0.0
12227,居家桥路,德平路,0.37029105421979946
12228,德平路,罗山路,0.42361726363751423
12229,南洋泾路,苗圃路,0.4214586255259467
12230,苗圃路,巨野路,0.42458832335329344
12231,巨野路,民生路,0.4067593480345158
12232,罗山路,崮山路,0.5026034171485387
12233,崮山路,南洋泾路桥,0.5080350620891162
12234,南洋径路桥,南洋泾路,0.6739288307915758
12235,民生路,桃林路,0.3482183130356337
12236,桃林路,源深路,0.32988267770876467
12237,射击场,通源东,0.0
12238,花木路,梅花路,0.33333894283358295
12239,梅花路,牡丹路,0.36814100432324576
12240,牡丹路,樱花路,0.43098284780833107
12241,樱花路,杜鹃路,0.5172460990966329
12242,新村路,上海飞翔实业公司,0.11365719523373052
12243,周浦振兴,周祝公,0.0
12244,织布厂,新城东路,0.0
12245,新城东路,南芦公,0.0
12246,北油车弄,年家浜路,0.2869022869022869
12247,西泰林路,浦三路,0.2686158721013971
12248,浦三路,东泰林路,0.3146543345031155
12249,明丰苑,西泰林路,0.5932914046121593
12250,杨高南路,明丰苑,0.25593917381534503
12251,上南路,下难路,0.04580152671755725
12252,御桥路,京浦路,0.41318681318681316
12253,御桥路,京浦路,0.4117647058823529
12254,京浦路,恒河北路,0.42727272727272725
12255,和合7队 ,康桥西 ,0.0
12256,周祝公,花苑路,0.0
12257,花苑路,砖桥路,0.0
12258,沪南公,汇成路,0.4956594791374965
12259,沪南公,汇成路,0.0
12260,张杨路,潍坊路,0.3133520696200971
12261,上港二区,浦东大道,0.26666666666666666
12262,乳山路,商城路,0.3338463053702016
12263,商城路,张杨路,0.27006994176164073
12264,浦东大道,乳山路,0.32118120805369127
12265,潍坊路,浦电路,0.2925629921721884
12266,浦电路,杨高中路,0.3066503263422741
12267,南芦公,远征1组,0.0
12268,杭湾路,南芦公,0.0
12269,盐朝公,风采路,0.0
12270,人民西路,西门街,0.3277634961439589
12271,齐河路,昌里东路,0.34937193713738524
12272,高科西路,浏河路,0.29328621908127206
12273,浏河路,齐河路,0.3587426326129666
12274,昌里东路,成山路,0.3162805003075661
12275,金港路,金湘路,0.2726302685399253
12276,金湘路,金沪路,0.2584507042253521
12277,金沪路,金藏路,0.23449477351916376
12278,金豫路,金港路,0.2822230981474182
12279,申江,金豫路,0.2512624064078008
12280,银山路,杨高中路,0.360146252285192
12281,张杨路,金杨路,0.24434495758718192
12282,金杨路,灵山路,0.40594059405940597
12283,灵山路,银山路,0.35304990757855825
12284,锦绣东路,张家浜,0.30143014301430143
12285,碧云路,明月路,0.1875
12286,明月路,锦绣东路,0.16216216216216217
12287,张杨路,博山东路,0.24995978767894483
12288,博山东路,栖山路,0.2499691548426897
12289,杨高中路,蓝天路,0.3382352941176471
12290,蓝天路,碧云路,0.21593291404612158
12291,栖山路,浦东大道,0.25
12292,齐河路,昌里路,0.23650905759062363
12293,浦东南路,浏河路,0.1569291302557533
12294,昌里路,成山路,0.5053763440860215
12295,成山路,德州路,0.5012296834901625
12296,德州路,川杨河,0.4622788159417893
12297,浏河路,齐河路,0.22741724530268068
12298,雪野路,浦东南路,0.4253731343283582
12299,新书路,石皮泐路,0.0
12300,惠北新村,人民东路,0.0
12301,东门桥,运河桥,0.0
12302,人民东路,东门桥,0.0
12303,浦东创业,建业,0.5
12304,建业,王桥街,0.5
12305,王桥街,敬业,0.5
12306,敬业,川杨河桥,0.5
12307,康沈路,周康路,0.0
12308,张杨路,金杨路,0.21883521620568758
12309,金杨路,金台路,0.23684210526315788
12310,金台路,银山路,0.2653061224489796
12311,银山路,杨高中路,0.2
12312,栖山路,博山东路,0.24254909772901745
12313,博山东路,张杨路,0.19999999999999998
12314,海耶,新开河桥,1.0
12315,哈雷路,李冰路,0.237464984677859
12316,新开河桥,金科,0.18750000000000003
12317,金科,三星河桥,0.1875205182639907
12318,三星河桥,华佗路,0.20471992163148992
12319,华佗路,白莲泾桥,0.20217606833261306
12320,白莲泾桥,科苑路,0.2949571836346337
12321,科苑路,三八河桥,0.2092240357435944
12322,三八河桥,罗山,0.17073170731707318
12323,哥白尼路,伽利略路,0.15
12324,伽利略路,法拉第路,0.15
12325,法拉第路,张江路,0.15
12326,张江路,益江路,0.15
12327,益江路,盛夏路,0.15
12328,盛夏路,张东路,0.15003695491500368
12329,哥白尼,爱迪生,0.20322361394310126
12330,爱迪生,哈雷路,0.25970223856617514
12331,浦东南路,浦明路,0.0
12332,季景北路,慈善街,0.0
12333,金桥路,枣庄路,0.2724594363791631
12334,泾南路,苗圃路,0.26614645267061166
12335,苗圃路,巨野路,0.1946830819184198
12336,崂山东路,崂山西路,0.2709277054803488
12337,福山路,东方路,0.21221376013195706
12338,桃林路,源深路,0.19320921510849182
12339,源深路,松林路,0.1921695628614993
12340,松林路,福山路,0.18467388901171786
12341,民生路,桃林路,0.2858837536157757
12342,巨野路,民生路,0.19960452545448454
12343,东方路,崂山东路,0.2690206959131679
12344,崂山西路,浦东南路,0.10083779380963463
12345,浦东南路,震修支,0.17080310026385226
12346,震修支,浦城路,0.3
12347,浦城路,福康北,0.2999720547726456
12348,福康北,渡口,0.3
12349,居家桥路,德平路,0.31246428014755545
12350,德平路,罗山路,0.3124712907671107
12351,罗山路,崮山路,0.23040906005991596
12352,崮山路,泾南路,0.23536601832045878
12353,枣庄路,金口路,0.2724686545148035
12354,金口路,云山路,0.2724252491694352
12355,云山路,居家桥路,0.2723957146113517
12356,崂山西路,小石桥路,0.5114990930292822
12357,文康路,周市路,0.2553191489361702
12358,金新路,金藏路,0.3204097714736013
12359,金科路,金新路,0.3
12360,谐安路,张杨北路,0.31401869158878504
12361,万和路,茂盛路,0.5
12362,万祥街,万和路,0.5
12363,茂盛路,宏祥路,0.5
12364,汇民路,爱民路,0.0
12365,一号河桥,汇民路,0.0
12366,爱民路,川南奉公,0.0
12367,育才路,周浦建设路,0.0
12368,周浦建设路,剧院路,0.17092944191641823
12369,后长街,杨思路,0.1963470319634703
12370,周浦建设路,镇北126,0.0
12371,周祝公,南六港,0.0
12372,鹿溪五队,周祝公,0.0
12373,永春东路17号,永宁东路,0.0
12374,张杨路,小区,0.0
12375,文卫新村,创业路,0.0
12376,人民东路,华源路,0.3191489361702128
12377,人民东路,拱极路,0.3191489361702128
12378,川银路,妙境路,0.0
12379,杨思路,杨思南街,0.2105214667403722
12380,杨思南街,马家宅,0.23032709792036785
12381,川沙,利航,0.5
12382,利航,妙境北,0.5669308120047275
12383,科苑路,哥白尼路,0.14038349282230467
12384,文体路,南门大街,0.42857142857142855
12385,公安路,香光路,0.0
12386,南门大街,公安路,0.4095318431041755
12387,香光路,城基路,0.27878637154936586
12388,东城壕路,场署街,0.0
12389,场署街,南市街、乔家弄,0.0
12390,南市街、乔家弄,北市街,0.0
12391,永乐路,航头西市街,0.0
12392,航塘路,航头航中路,0.4708846584546473
12393,航头航中路,永乐路,0.48086124401913877
12394,高新路,创业路,0.0
12395,沪南公路,众安路桥,0.2710843373493976
12396,众安路桥,众安路桥,0.3229166666666667
12397,众安路桥,新环北路东段,0.32291666666666663
12398,新环北路东段,北一路,0.1566530702237901
12399,南塘街,南塘街92号,0.0
12400,南北大街,南塘街,0.0
12401,周东路,姚桥村,0.0
12402,川周公,关岳路,0.375
12403,关岳路,东八灶,0.375
12404,川周公路,盐船港桥,0.03107505997943562
12405,世博大道,博成路,0.4
12406,博成路,国展路,0.4
12407,国展路,雪野二路,0.4
12408,雪野二路,耀华路,0.4
12409,上南路,横桥路,0.46153846153846156
12410,横桥路,周祝公路,0.4761909176450957
12411,金银河路,瓦屑街,0.0
12412,百狼北口,牧场路,0.0
12413,牧场路,金银河路,0.0
12414,周祝公,交管站,0.0
12415,瓦屑街,周浦振兴,0.0
12416,周浦振兴,西南,0.0
12417,西南,周祝公,0.0
12418,周西,梓橦村,0.375
12419,康沈路,周西,0.375
12420,川周公,康桥中大街,0.0
12421,笔化厂,川周公,0.0
12422,康桥中大街,年家浜路,0.0
12423,年家浜路,祝家港路,0.3311245740249905
12424,周祝公路,横桥路,0.4310302793895363
12425,向城路,浦电路,0.4279599792808266
12426,关岳路,赵沟浜,0.4444444444444444
12427,赵沟浜,年家浜路,0.375
12428,川周公,关岳路,0.47368421052631576
12429,金三路,川南奉公,0.3404255319148936
12430,百熙路,金三路,0.34080999790155986
12431,康沈路,东南三村,0.3225806451612903
12432,周东路,周园路,0.28969810806307467
12433,明星村17组桥,周祝公,0.0
12434,祝东桥,川南奉公,0.0
12435,南北街,南塘街,0.0
12436,川南奉公,南北街,0.0
12437,周祝公,祝桥西市街,0.0
12438,祝桥西市街,共青路54号,0.0
12439,祝桥共青路,西市街100号,0.0
12440,南塘街92号,祝桥共青路,0.0
12441,北市街,川沙,0.0
12442,川南奉公,生产资料河浜,0.0
12443,工商所,川南奉公,0.4479166666666667
12444,王新街,界浜路,0.0
12445,界浜路,季景北路,0.0
12446,南六公,园林路,0.0
12447,园林路,鹿溪路,0.0
12448,丁香路,迎春路,0.1919748229740362
12449,迎春路,锦绣路,0.19123505976095617
12450,张杨北路,繁锦路,0.3605665093029714
12451,繁锦路,芳湄路,0.3770916685538864
12452,银柳路,翠柏路,0.2978723404255319
12453,翠柏路,碧桃路,0.30051508462104487
12454,昌里东路,南码头路,0.34146341463414637
12455,南码头路,成山路,0.34146341463414637
12456,成山路,纬六路,0.33969465648854963
12457,张东,盛夏路,0.2618815688285055
12458,盛夏路,申江路,0.23821039903264812
12459,张江,高斯路,0.21071155221520974
12460,高斯路,哈雷路,0.2564009010438148
12461,哈雷路,金科,0.2232419283502875
12462,金科,居里路,0.25360601216397477
12463,居里路,牛顿路,0.2393913037791743
12464,牛顿路,科苑路,0.30373450433295773
12465,科苑路,松涛路,0.3395236032914682
12466,松涛路,碧波路,0.2787279737107667
12467,碧波路,景明,0.25014261266400456
12468,景明,三八河桥,0.0
12469,三八河桥,王家浜桥,0.0
12470,王家浜桥,罗山,0.0
12471,申江路,广兰路,0.2413793103448276
12472,芳春路,张东路,0.23838589352322823
12473,广兰路,张江路,0.24136043249161707
12474,金桥路,泵站,0.0
12475,泵站,浦东大道,0.0
